I,J,Time,Type
10,16,0.0166133,Graph
10,16,0.00561676,FibHeap
10,16,0.00529099,BinHeap
10,16,0.0162911,Graph
10,16,0.00556368,FibHeap
10,16,0.00528284,BinHeap
10,16,0.0162912,Graph
10,16,0.00559159,FibHeap
10,16,0.0054087,BinHeap
10,17,0.0316832,Graph
10,17,0.0100127,FibHeap
10,17,0.0097431,BinHeap
10,17,0.0317711,Graph
10,17,0.00999167,FibHeap
10,17,0.00982662,BinHeap
10,17,0.0314476,Graph
10,17,0.0099711,FibHeap
10,17,0.0096805,BinHeap
10,18,0.0619164,Graph
10,18,0.0188661,FibHeap
10,18,0.0186,BinHeap
10,18,0.0624752,Graph
10,18,0.018817,FibHeap
10,18,0.0185628,BinHeap
10,18,0.0628466,Graph
10,18,0.0188589,FibHeap
10,18,0.0186081,BinHeap
10,19,0.122391,Graph
10,19,0.036392,FibHeap
10,19,0.0361892,BinHeap
10,19,0.122469,Graph
10,19,0.0365689,FibHeap
10,19,0.0363088,BinHeap
10,19,0.122265,Graph
10,19,0.0365414,FibHeap
10,19,0.0363302,BinHeap
10,20,0.243014,Graph
10,20,0.0714735,FibHeap
10,20,0.0713347,BinHeap
10,20,0.242866,Graph
10,20,0.0714781,FibHeap
10,20,0.0726108,BinHeap
10,20,0.243239,Graph
10,20,0.0714996,FibHeap
10,20,0.0713271,BinHeap
10,21,0.485479,Graph
10,21,0.141551,FibHeap
10,21,0.141649,BinHeap
10,21,0.483518,Graph
10,21,0.141811,FibHeap
10,21,0.143609,BinHeap
10,21,0.487857,Graph
10,21,0.14182,FibHeap
10,21,0.143526,BinHeap
10,22,0.984767,Graph
10,22,0.28585,FibHeap
10,22,0.282986,BinHeap
10,22,0.97261,Graph
10,22,0.283267,FibHeap
10,22,0.283328,BinHeap
10,22,0.970717,Graph
10,22,0.282137,FibHeap
10,22,0.282233,BinHeap
10,23,1.93297,Graph
10,23,0.561334,FibHeap
10,23,0.56553,BinHeap
10,23,1.97247,Graph
10,23,0.568811,FibHeap
10,23,0.562013,BinHeap
10,23,1.93229,Graph
10,23,0.562084,FibHeap
10,23,0.56143,BinHeap
10,24,4.03296,Graph
10,24,1.13146,FibHeap
10,24,1.12282,BinHeap
10,24,3.88434,Graph
10,24,1.1213,FibHeap
10,24,1.12773,BinHeap
10,24,3.88042,Graph
10,24,1.12621,FibHeap
10,24,1.13118,BinHeap
10,25,7.77651,Graph
10,25,2.2702,FibHeap
10,25,2.26257,BinHeap
10,25,7.82801,Graph
10,25,2.27084,FibHeap
10,25,2.27105,BinHeap
10,25,7.7561,Graph
10,25,2.24386,FibHeap
10,25,2.27416,BinHeap
10,26,15.4559,Graph
10,26,4.49799,FibHeap
10,26,4.48848,BinHeap
10,26,15.5627,Graph
10,26,4.49437,FibHeap
10,26,4.50151,BinHeap
10,26,15.4885,Graph
10,26,4.49204,FibHeap
10,26,4.50828,BinHeap
12,16,0.019311,Graph
12,16,0.0099196,FibHeap
12,16,0.00850334,BinHeap
12,16,0.0185866,Graph
12,16,0.00996227,FibHeap
12,16,0.008715,BinHeap
12,16,0.0188645,Graph
12,16,0.0101373,FibHeap
12,16,0.00887534,BinHeap
12,17,0.0355677,Graph
12,17,0.0149813,FibHeap
12,17,0.0133998,BinHeap
12,17,0.0341614,Graph
12,17,0.01468,FibHeap
12,17,0.0132117,BinHeap
12,17,0.0340801,Graph
12,17,0.0146226,FibHeap
12,17,0.0131385,BinHeap
12,18,0.0665265,Graph
12,18,0.0238314,FibHeap
12,18,0.0223214,BinHeap
12,18,0.0669567,Graph
12,18,0.0237531,FibHeap
12,18,0.0223427,BinHeap
12,18,0.0660742,Graph
12,18,0.0236736,FibHeap
12,18,0.0223803,BinHeap
12,19,0.132916,Graph
12,19,0.044608,FibHeap
12,19,0.0424507,BinHeap
12,19,0.128389,Graph
12,19,0.0421656,FibHeap
12,19,0.0411587,BinHeap
12,19,0.132582,Graph
12,19,0.0418641,FibHeap
12,19,0.0402863,BinHeap
12,20,0.250551,Graph
12,20,0.0775735,FibHeap
12,20,0.0777413,BinHeap
12,20,0.266821,Graph
12,20,0.0775976,FibHeap
12,20,0.0763682,BinHeap
12,20,0.255154,Graph
12,20,0.0782386,FibHeap
12,20,0.0772469,BinHeap
12,21,0.506036,Graph
12,21,0.150053,FibHeap
12,21,0.150806,BinHeap
12,21,0.509587,Graph
12,21,0.149645,FibHeap
12,21,0.155816,BinHeap
12,21,0.500772,Graph
12,21,0.150136,FibHeap
12,21,0.15183,BinHeap
12,22,1.02077,Graph
12,22,0.300968,FibHeap
12,22,0.290643,BinHeap
12,22,1.00232,Graph
12,22,0.291196,FibHeap
12,22,0.291168,BinHeap
12,22,1.01984,Graph
12,22,0.292277,FibHeap
12,22,0.291106,BinHeap
12,23,2.01793,Graph
12,23,0.576065,FibHeap
12,23,0.578213,BinHeap
12,23,2.01805,Graph
12,23,0.577649,FibHeap
12,23,0.574579,BinHeap
12,23,2.00678,Graph
12,23,0.575597,FibHeap
12,23,0.574443,BinHeap
12,24,4.19103,Graph
12,24,1.18232,FibHeap
12,24,1.18157,BinHeap
12,24,4.04686,Graph
12,24,1.14493,FibHeap
12,24,1.17413,BinHeap
12,24,4.09224,Graph
12,24,1.15111,FibHeap
12,24,1.14769,BinHeap
12,25,8.14124,Graph
12,25,2.28982,FibHeap
12,25,2.28528,BinHeap
12,25,8.14882,Graph
12,25,2.29565,FibHeap
12,25,2.28809,BinHeap
12,25,8.19022,Graph
12,25,2.29,FibHeap
12,25,2.2852,BinHeap
12,26,16.3111,Graph
12,26,4.57372,FibHeap
12,26,4.55591,BinHeap
12,26,16.2795,Graph
12,26,4.58782,FibHeap
12,26,4.5574,BinHeap
12,26,16.2893,Graph
12,26,4.57893,FibHeap
12,26,4.56176,BinHeap
14,16,0.0244071,Graph
14,16,0.0295659,FibHeap
14,16,0.0224467,BinHeap
14,16,0.0242281,Graph
14,16,0.0304585,FibHeap
14,16,0.0224128,BinHeap
14,16,0.0239858,Graph
14,16,0.0294503,FibHeap
14,16,0.0228195,BinHeap
14,17,0.0427144,Graph
14,17,0.0357225,FibHeap
14,17,0.0275624,BinHeap
14,17,0.0417217,Graph
14,17,0.0342593,FibHeap
14,17,0.027275,BinHeap
14,17,0.0413376,Graph
14,17,0.0337497,FibHeap
14,17,0.0272516,BinHeap
14,18,0.0771768,Graph
14,18,0.0449414,FibHeap
14,18,0.0399913,BinHeap
14,18,0.0806546,Graph
14,18,0.0448842,FibHeap
14,18,0.0379445,BinHeap
14,18,0.0756251,Graph
14,18,0.044944,FibHeap
14,18,0.0384212,BinHeap
14,19,0.143254,Graph
14,19,0.0652685,FibHeap
14,19,0.0582226,BinHeap
14,19,0.141113,Graph
14,19,0.0647732,FibHeap
14,19,0.0583239,BinHeap
14,19,0.141483,Graph
14,19,0.0637375,FibHeap
14,19,0.0574981,BinHeap
14,20,0.275107,Graph
14,20,0.10164,FibHeap
14,20,0.0952807,BinHeap
14,20,0.275059,Graph
14,20,0.103554,FibHeap
14,20,0.0971826,BinHeap
14,20,0.286571,Graph
14,20,0.109454,FibHeap
14,20,0.0973639,BinHeap
14,21,0.552637,Graph
14,21,0.181038,FibHeap
14,21,0.180074,BinHeap
14,21,0.545178,Graph
14,21,0.176025,FibHeap
14,21,0.170174,BinHeap
14,21,0.544384,Graph
14,21,0.186099,FibHeap
14,21,0.170546,BinHeap
14,22,1.09947,Graph
14,22,0.322794,FibHeap
14,22,0.318722,BinHeap
14,22,1.05865,Graph
14,22,0.322295,FibHeap
14,22,0.318296,BinHeap
14,22,1.02479,Graph
14,22,0.326761,FibHeap
14,22,0.321741,BinHeap
14,23,2.06552,Graph
14,23,0.61236,FibHeap
14,23,0.605183,BinHeap
14,23,2.17004,Graph
14,23,0.642841,FibHeap
14,23,0.628773,BinHeap
14,23,2.06337,Graph
14,23,0.616475,FibHeap
14,23,0.609758,BinHeap
14,24,4.16458,Graph
14,24,1.19538,FibHeap
14,24,1.20039,BinHeap
14,24,4.2086,Graph
14,24,1.19006,FibHeap
14,24,1.18338,BinHeap
14,24,4.1549,Graph
14,24,1.19424,FibHeap
14,24,1.21452,BinHeap
14,25,8.38589,Graph
14,25,2.37349,FibHeap
14,25,2.32289,BinHeap
14,25,8.55117,Graph
14,25,2.36534,FibHeap
14,25,2.33286,BinHeap
14,25,8.3729,Graph
14,25,2.3628,FibHeap
14,25,2.37011,BinHeap
14,26,17.0853,Graph
14,26,4.64017,FibHeap
14,26,4.66664,BinHeap
14,26,16.8683,Graph
14,26,4.67484,FibHeap
14,26,4.65527,BinHeap
14,26,16.726,Graph
14,26,4.62721,FibHeap
14,26,4.7214,BinHeap
10,16,0.0165916,Graph
10,16,0.00555785,FibHeap
10,16,0.00533488,BinHeap
10,16,0.0165751,Graph
10,16,0.00559652,FibHeap
10,16,0.00530182,BinHeap
10,16,0.01636,Graph
10,16,0.00563614,FibHeap
10,16,0.00529789,BinHeap
12,16,0.0189507,Graph
12,16,0.00980652,FibHeap
12,16,0.00833364,BinHeap
12,16,0.018459,Graph
12,16,0.00964982,FibHeap
12,16,0.00823871,BinHeap
12,16,0.0183121,Graph
12,16,0.00968011,FibHeap
12,16,0.00826009,BinHeap
14,16,0.0234686,Graph
14,16,0.0271295,FibHeap
14,16,0.0207956,BinHeap
14,16,0.0231262,Graph
14,16,0.0274973,FibHeap
14,16,0.0206166,BinHeap
14,16,0.0230224,Graph
14,16,0.0274173,FibHeap
14,16,0.0207657,BinHeap
10,16,0.0167173,Graph
10,16,0.00556686,FibHeap
10,16,0.00533833,BinHeap
10,16,0.0165128,Graph
10,16,0.00556603,FibHeap
10,16,0.00529264,BinHeap
10,16,0.0162426,Graph
10,16,0.0055708,FibHeap
10,16,0.00528894,BinHeap
10,16,0.0162426,Graph
10,16,0.0055489,FibHeap
10,16,0.00528378,BinHeap
10,16,0.0162133,Graph
10,16,0.00559493,FibHeap
10,16,0.0053019,BinHeap
10,16,0.0162996,Graph
10,16,0.00555378,FibHeap
10,16,0.00529709,BinHeap
10,16,0.0162545,Graph
10,16,0.00553927,FibHeap
10,16,0.00527753,BinHeap
10,16,0.0162139,Graph
10,16,0.00556108,FibHeap
10,16,0.00529364,BinHeap
10,16,0.0162288,Graph
10,16,0.00555133,FibHeap
10,16,0.00528562,BinHeap
10,16,0.0162881,Graph
10,16,0.00555074,FibHeap
10,16,0.00529592,BinHeap
10,16,0.0162371,Graph
10,16,0.0055489,FibHeap
10,16,0.00528794,BinHeap
10,16,0.0162499,Graph
10,16,0.00557067,FibHeap
10,16,0.00528516,BinHeap
10,16,0.0162672,Graph
10,16,0.00554809,FibHeap
10,16,0.00528583,BinHeap
10,16,0.0163181,Graph
10,16,0.00555746,FibHeap
10,16,0.00528162,BinHeap
10,16,0.0162315,Graph
10,16,0.00556376,FibHeap
10,16,0.00531295,BinHeap
10,16,0.0162316,Graph
10,16,0.00561706,FibHeap
10,16,0.0053059,BinHeap
10,16,0.0162699,Graph
10,16,0.00554603,FibHeap
10,16,0.0054058,BinHeap
10,16,0.016433,Graph
10,16,0.00558966,FibHeap
10,16,0.00529771,BinHeap
10,16,0.0162999,Graph
10,16,0.0056444,FibHeap
10,16,0.00528729,BinHeap
10,16,0.016371,Graph
10,16,0.00628693,FibHeap
10,16,0.00660429,BinHeap
10,16,0.0202671,Graph
10,16,0.00658052,FibHeap
10,16,0.00630235,BinHeap
10,16,0.0165789,Graph
10,16,0.00562491,FibHeap
10,16,0.00536362,BinHeap
10,16,0.0158103,Graph
10,16,0.00558963,FibHeap
10,16,0.00536132,BinHeap
10,16,0.0158889,Graph
10,16,0.00563193,FibHeap
10,16,0.00534838,BinHeap
10,16,0.0179205,Graph
10,16,0.00683832,FibHeap
10,16,0.00599242,BinHeap
10,16,0.0158262,Graph
10,16,0.00555999,FibHeap
10,16,0.00527694,BinHeap
10,16,0.0158474,Graph
10,16,0.0056547,FibHeap
10,16,0.00539132,BinHeap
10,16,0.0158265,Graph
10,16,0.00553122,FibHeap
10,16,0.0052858,BinHeap
10,16,0.0157415,Graph
10,16,0.00552302,FibHeap
10,16,0.00528073,BinHeap
10,16,0.0157922,Graph
10,16,0.00553725,FibHeap
10,16,0.00527877,BinHeap
10,16,0.0157634,Graph
10,16,0.00553321,FibHeap
10,16,0.00529621,BinHeap
10,16,0.0157371,Graph
10,16,0.00553576,FibHeap
10,16,0.00529154,BinHeap
10,16,0.0157224,Graph
10,16,0.00552405,FibHeap
10,16,0.00528198,BinHeap
10,16,0.0157463,Graph
10,16,0.00552624,FibHeap
10,16,0.00528261,BinHeap
10,16,0.0157892,Graph
10,16,0.00552632,FibHeap
10,16,0.00529313,BinHeap
10,16,0.0158029,Graph
10,16,0.0055332,FibHeap
10,16,0.00527538,BinHeap
10,16,0.0157945,Graph
10,16,0.00551916,FibHeap
10,16,0.00528216,BinHeap
10,16,0.0158406,Graph
10,16,0.00553945,FibHeap
10,16,0.00528967,BinHeap
10,16,0.0157446,Graph
10,16,0.00553083,FibHeap
10,16,0.00529355,BinHeap
10,16,0.0157817,Graph
10,16,0.00552638,FibHeap
10,16,0.00528008,BinHeap
10,16,0.0158259,Graph
10,16,0.00552686,FibHeap
10,16,0.00528422,BinHeap
10,16,0.0157441,Graph
10,16,0.00553173,FibHeap
10,16,0.00527989,BinHeap
10,16,0.0158357,Graph
10,16,0.0055149,FibHeap
10,16,0.00526877,BinHeap
10,16,0.0158439,Graph
10,16,0.00554248,FibHeap
10,16,0.00528847,BinHeap
10,16,0.0158095,Graph
10,16,0.005539,FibHeap
10,16,0.00528714,BinHeap
10,16,0.0157502,Graph
10,16,0.0055397,FibHeap
10,16,0.00528572,BinHeap
10,16,0.0157913,Graph
10,16,0.00554458,FibHeap
10,16,0.00529421,BinHeap
10,16,0.0157956,Graph
10,16,0.00553793,FibHeap
10,16,0.00527643,BinHeap
10,16,0.0157204,Graph
10,16,0.00552766,FibHeap
10,16,0.00529273,BinHeap
10,16,0.0157143,Graph
10,16,0.0055576,FibHeap
10,16,0.00528362,BinHeap
10,17,0.0312617,Graph
10,17,0.00997892,FibHeap
10,17,0.00970139,BinHeap
10,17,0.0312613,Graph
10,17,0.00998255,FibHeap
10,17,0.0097347,BinHeap
10,17,0.0310949,Graph
10,17,0.0099921,FibHeap
10,17,0.0097024,BinHeap
10,17,0.0310604,Graph
10,17,0.00997033,FibHeap
10,17,0.00970984,BinHeap
10,17,0.0310844,Graph
10,17,0.0099837,FibHeap
10,17,0.00970589,BinHeap
10,17,0.0310586,Graph
10,17,0.00997252,FibHeap
10,17,0.00971464,BinHeap
10,17,0.0312486,Graph
10,17,0.00997474,FibHeap
10,17,0.00970381,BinHeap
10,17,0.0313874,Graph
10,17,0.0100183,FibHeap
10,17,0.00971279,BinHeap
10,17,0.0310742,Graph
10,17,0.00997362,FibHeap
10,17,0.00969009,BinHeap
10,17,0.0309318,Graph
10,17,0.0099616,FibHeap
10,17,0.00968193,BinHeap
10,17,0.030965,Graph
10,17,0.00995895,FibHeap
10,17,0.00969423,BinHeap
10,17,0.0309332,Graph
10,17,0.00997016,FibHeap
10,17,0.00967487,BinHeap
10,17,0.0311444,Graph
10,17,0.00998245,FibHeap
10,17,0.00968522,BinHeap
10,17,0.0309731,Graph
10,17,0.00996372,FibHeap
10,17,0.00970571,BinHeap
10,17,0.0309721,Graph
10,17,0.00994956,FibHeap
10,17,0.00969244,BinHeap
10,17,0.0311037,Graph
10,17,0.00996854,FibHeap
10,17,0.00969868,BinHeap
10,17,0.031057,Graph
10,17,0.00997048,FibHeap
10,17,0.00969301,BinHeap
10,17,0.0313424,Graph
10,17,0.0099757,FibHeap
10,17,0.00969338,BinHeap
10,17,0.0311638,Graph
10,17,0.00996738,FibHeap
10,17,0.00969262,BinHeap
10,17,0.0310669,Graph
10,17,0.00998736,FibHeap
10,17,0.00971025,BinHeap
10,17,0.0311228,Graph
10,17,0.0099929,FibHeap
10,17,0.00968959,BinHeap
10,17,0.031034,Graph
10,17,0.0100664,FibHeap
10,17,0.00981572,BinHeap
10,17,0.0329698,Graph
10,17,0.0106773,FibHeap
10,17,0.0101393,BinHeap
10,17,0.0313243,Graph
10,17,0.0102294,FibHeap
10,17,0.00983672,BinHeap
10,17,0.0315438,Graph
10,17,0.0101367,FibHeap
10,17,0.00981776,BinHeap
10,17,0.031453,Graph
10,17,0.0101732,FibHeap
10,17,0.0098756,BinHeap
10,17,0.0317802,Graph
10,17,0.0101852,FibHeap
10,17,0.0099164,BinHeap
10,17,0.0318351,Graph
10,17,0.0102648,FibHeap
10,17,0.010144,BinHeap
10,17,0.0316355,Graph
10,17,0.0101537,FibHeap
10,17,0.00984154,BinHeap
10,17,0.0317045,Graph
10,17,0.0101561,FibHeap
10,17,0.00987677,BinHeap
10,17,0.0331697,Graph
10,17,0.0101669,FibHeap
10,17,0.00982258,BinHeap
10,17,0.0340665,Graph
10,17,0.0101405,FibHeap
10,17,0.00984554,BinHeap
10,17,0.0323284,Graph
10,17,0.0114475,FibHeap
10,17,0.00985338,BinHeap
10,17,0.0312584,Graph
10,17,0.0100643,FibHeap
10,17,0.0104447,BinHeap
10,17,0.0329845,Graph
10,17,0.0100612,FibHeap
10,17,0.00979345,BinHeap
10,17,0.032782,Graph
10,17,0.0106868,FibHeap
10,17,0.00980236,BinHeap
10,17,0.0306386,Graph
10,17,0.0102336,FibHeap
10,17,0.0111716,BinHeap
10,17,0.0313786,Graph
10,17,0.0100833,FibHeap
10,17,0.00981395,BinHeap
10,17,0.0312437,Graph
10,17,0.0101814,FibHeap
10,17,0.00986382,BinHeap
10,17,0.0327513,Graph
10,17,0.0114466,FibHeap
10,17,0.00984166,BinHeap
10,17,0.0306357,Graph
10,17,0.01085,FibHeap
10,17,0.0108554,BinHeap
10,17,0.0314783,Graph
10,17,0.0100476,FibHeap
10,17,0.00978857,BinHeap
10,17,0.0304595,Graph
10,17,0.0113404,FibHeap
10,17,0.0111015,BinHeap
10,17,0.0311968,Graph
10,17,0.0100686,FibHeap
10,17,0.00982511,BinHeap
10,17,0.0358788,Graph
10,17,0.010701,FibHeap
10,17,0.00984239,BinHeap
10,17,0.0305244,Graph
10,17,0.0100316,FibHeap
10,17,0.00996209,BinHeap
10,17,0.030464,Graph
10,17,0.00996698,FibHeap
10,17,0.00969736,BinHeap
10,17,0.0303366,Graph
10,17,0.00994984,FibHeap
10,17,0.00968674,BinHeap
10,17,0.0304151,Graph
10,17,0.0101044,FibHeap
10,17,0.00981642,BinHeap
10,17,0.0304903,Graph
10,17,0.009967,FibHeap
10,17,0.00969593,BinHeap
10,18,0.0606738,Graph
10,18,0.0187765,FibHeap
10,18,0.0185588,BinHeap
10,18,0.0608444,Graph
10,18,0.0187836,FibHeap
10,18,0.0185281,BinHeap
10,18,0.0606553,Graph
10,18,0.0187752,FibHeap
10,18,0.018535,BinHeap
10,18,0.060707,Graph
10,18,0.0187973,FibHeap
10,18,0.0185693,BinHeap
10,18,0.0607083,Graph
10,18,0.0188026,FibHeap
10,18,0.0186917,BinHeap
10,18,0.0615523,Graph
10,18,0.0191048,FibHeap
10,18,0.0186671,BinHeap
10,18,0.0610734,Graph
10,18,0.0187991,FibHeap
10,18,0.0185736,BinHeap
10,18,0.0606002,Graph
10,18,0.0188862,FibHeap
10,18,0.0187167,BinHeap
10,18,0.0677549,Graph
10,18,0.0188715,FibHeap
10,18,0.0188246,BinHeap
10,18,0.0611979,Graph
10,18,0.0191147,FibHeap
10,18,0.0187835,BinHeap
10,18,0.0640464,Graph
10,18,0.0190569,FibHeap
10,18,0.0187171,BinHeap
10,18,0.0609472,Graph
10,18,0.0188149,FibHeap
10,18,0.0185746,BinHeap
10,18,0.0606695,Graph
10,18,0.0187934,FibHeap
10,18,0.0185807,BinHeap
10,18,0.0606756,Graph
10,18,0.0188243,FibHeap
10,18,0.0185729,BinHeap
10,18,0.0606367,Graph
10,18,0.0187698,FibHeap
10,18,0.0185694,BinHeap
10,18,0.0605208,Graph
10,18,0.0187984,FibHeap
10,18,0.0185792,BinHeap
10,18,0.0605606,Graph
10,18,0.0188229,FibHeap
10,18,0.018597,BinHeap
10,18,0.0606931,Graph
10,18,0.0188291,FibHeap
10,18,0.0185893,BinHeap
10,18,0.0609947,Graph
10,18,0.0187973,FibHeap
10,18,0.0185629,BinHeap
10,18,0.0607316,Graph
10,18,0.0188113,FibHeap
10,18,0.0185702,BinHeap
10,18,0.0605672,Graph
10,18,0.0188057,FibHeap
10,18,0.0185551,BinHeap
10,18,0.0607283,Graph
10,18,0.0188789,FibHeap
10,18,0.0186537,BinHeap
10,18,0.0605267,Graph
10,18,0.0187982,FibHeap
10,18,0.0185444,BinHeap
10,18,0.0606432,Graph
10,18,0.0187919,FibHeap
10,18,0.0185744,BinHeap
10,18,0.0605632,Graph
10,18,0.0188099,FibHeap
10,18,0.0185581,BinHeap
10,18,0.0605235,Graph
10,18,0.0188094,FibHeap
10,18,0.018569,BinHeap
10,18,0.0605492,Graph
10,18,0.0188,FibHeap
10,18,0.0185856,BinHeap
10,18,0.0605876,Graph
10,18,0.0188057,FibHeap
10,18,0.0185761,BinHeap
10,18,0.0605348,Graph
10,18,0.0188001,FibHeap
10,18,0.0185701,BinHeap
10,18,0.0605719,Graph
10,18,0.0187934,FibHeap
10,18,0.0185658,BinHeap
10,18,0.0606538,Graph
10,18,0.0188367,FibHeap
10,18,0.0185658,BinHeap
10,18,0.0607613,Graph
10,18,0.0188266,FibHeap
10,18,0.0186096,BinHeap
10,18,0.0609374,Graph
10,18,0.0187731,FibHeap
10,18,0.0185653,BinHeap
10,18,0.0604575,Graph
10,18,0.0187671,FibHeap
10,18,0.0185728,BinHeap
10,18,0.0605003,Graph
10,18,0.0187938,FibHeap
10,18,0.0185604,BinHeap
10,18,0.0607281,Graph
10,18,0.0187787,FibHeap
10,18,0.0185573,BinHeap
10,18,0.0609053,Graph
10,18,0.0188032,FibHeap
10,18,0.0185545,BinHeap
10,18,0.0610548,Graph
10,18,0.0188563,FibHeap
10,18,0.0186303,BinHeap
10,18,0.0606957,Graph
10,18,0.0188113,FibHeap
10,18,0.018573,BinHeap
10,18,0.0606396,Graph
10,18,0.0187754,FibHeap
10,18,0.0185331,BinHeap
10,18,0.0605811,Graph
10,18,0.018826,FibHeap
10,18,0.0185823,BinHeap
10,18,0.0605869,Graph
10,18,0.0188108,FibHeap
10,18,0.0185591,BinHeap
10,18,0.0603528,Graph
10,18,0.018807,FibHeap
10,18,0.018564,BinHeap
10,18,0.0606063,Graph
10,18,0.0187929,FibHeap
10,18,0.0185618,BinHeap
10,18,0.0607611,Graph
10,18,0.0187972,FibHeap
10,18,0.018604,BinHeap
10,18,0.0606092,Graph
10,18,0.0187885,FibHeap
10,18,0.0185467,BinHeap
10,18,0.0606712,Graph
10,18,0.0187818,FibHeap
10,18,0.0185488,BinHeap
10,18,0.0605163,Graph
10,18,0.0188004,FibHeap
10,18,0.0185507,BinHeap
10,18,0.0608939,Graph
10,18,0.0188363,FibHeap
10,18,0.0185899,BinHeap
10,18,0.0607844,Graph
10,18,0.0187887,FibHeap
10,18,0.0185478,BinHeap
10,19,0.121237,Graph
10,19,0.0363803,FibHeap
10,19,0.0361767,BinHeap
10,19,0.12083,Graph
10,19,0.0363866,FibHeap
10,19,0.0361703,BinHeap
10,19,0.121027,Graph
10,19,0.0371059,FibHeap
10,19,0.0403172,BinHeap
10,19,0.120944,Graph
10,19,0.0364443,FibHeap
10,19,0.0364989,BinHeap
10,19,0.121247,Graph
10,19,0.0364439,FibHeap
10,19,0.0362126,BinHeap
10,19,0.120871,Graph
10,19,0.0364031,FibHeap
10,19,0.0362098,BinHeap
10,19,0.126176,Graph
10,19,0.0363248,FibHeap
10,19,0.0361496,BinHeap
10,19,0.120735,Graph
10,19,0.036363,FibHeap
10,19,0.0362529,BinHeap
10,19,0.120689,Graph
10,19,0.0363926,FibHeap
10,19,0.0361216,BinHeap
10,19,0.133299,Graph
10,19,0.0363685,FibHeap
10,19,0.0361566,BinHeap
10,19,0.120551,Graph
10,19,0.0363635,FibHeap
10,19,0.0361636,BinHeap
10,19,0.120849,Graph
10,19,0.0363523,FibHeap
10,19,0.0361216,BinHeap
10,19,0.12111,Graph
10,19,0.0363897,FibHeap
10,19,0.0361867,BinHeap
10,19,0.121233,Graph
10,19,0.0363855,FibHeap
10,19,0.0361164,BinHeap
10,19,0.120865,Graph
10,19,0.0363711,FibHeap
10,19,0.0361747,BinHeap
10,19,0.120894,Graph
10,19,0.0363951,FibHeap
10,19,0.0361596,BinHeap
10,19,0.120897,Graph
10,19,0.0363953,FibHeap
10,19,0.0361498,BinHeap
10,19,0.128852,Graph
10,19,0.0365012,FibHeap
10,19,0.0363222,BinHeap
10,19,0.12392,Graph
10,19,0.0365008,FibHeap
10,19,0.0362363,BinHeap
10,19,0.121365,Graph
10,19,0.0366544,FibHeap
10,19,0.0361674,BinHeap
10,19,0.121169,Graph
10,19,0.0365182,FibHeap
10,19,0.0362933,BinHeap
10,19,0.118794,Graph
10,19,0.0363839,FibHeap
10,19,0.0363315,BinHeap
10,19,0.118002,Graph
10,19,0.0364909,FibHeap
10,19,0.0363502,BinHeap
10,19,0.11928,Graph
10,19,0.0364432,FibHeap
10,19,0.0363021,BinHeap
10,19,0.117266,Graph
10,19,0.0363479,FibHeap
10,19,0.0363627,BinHeap
10,19,0.118005,Graph
10,19,0.0365495,FibHeap
10,19,0.0362412,BinHeap
10,19,0.117918,Graph
10,19,0.0364559,FibHeap
10,19,0.0363218,BinHeap
10,19,0.11718,Graph
10,19,0.0369357,FibHeap
10,19,0.0362427,BinHeap
10,19,0.118996,Graph
10,19,0.036546,FibHeap
10,19,0.0362749,BinHeap
10,19,0.117586,Graph
10,19,0.0365631,FibHeap
10,19,0.0362058,BinHeap
10,19,0.11726,Graph
10,19,0.036358,FibHeap
10,19,0.0362753,BinHeap
10,19,0.117341,Graph
10,19,0.0363962,FibHeap
10,19,0.0363499,BinHeap
10,19,0.117598,Graph
10,19,0.0364034,FibHeap
10,19,0.0362908,BinHeap
10,19,0.11793,Graph
10,19,0.0364765,FibHeap
10,19,0.0363906,BinHeap
10,19,0.117103,Graph
10,19,0.0363822,FibHeap
10,19,0.036225,BinHeap
10,19,0.117555,Graph
10,19,0.0364379,FibHeap
10,19,0.0361881,BinHeap
10,19,0.11729,Graph
10,19,0.0364172,FibHeap
10,19,0.0362075,BinHeap
10,19,0.11734,Graph
10,19,0.036419,FibHeap
10,19,0.0361899,BinHeap
10,19,0.117505,Graph
10,19,0.0363889,FibHeap
10,19,0.0364731,BinHeap
10,19,0.125413,Graph
10,19,0.0383804,FibHeap
10,19,0.0380525,BinHeap
10,19,0.117754,Graph
10,19,0.0363744,FibHeap
10,19,0.0361682,BinHeap
10,19,0.117236,Graph
10,19,0.0363994,FibHeap
10,19,0.0361719,BinHeap
10,19,0.117985,Graph
10,19,0.036367,FibHeap
10,19,0.0361615,BinHeap
10,19,0.117266,Graph
10,19,0.0363496,FibHeap
10,19,0.0361322,BinHeap
10,19,0.118466,Graph
10,19,0.0363221,FibHeap
10,19,0.0361923,BinHeap
10,19,0.117906,Graph
10,19,0.0363534,FibHeap
10,19,0.0362076,BinHeap
10,19,0.118436,Graph
10,19,0.0364837,FibHeap
10,19,0.0365936,BinHeap
10,19,0.122347,Graph
10,19,0.0367694,FibHeap
10,19,0.0363929,BinHeap
10,19,0.118443,Graph
10,19,0.0383115,FibHeap
10,19,0.0364737,BinHeap
10,19,0.120657,Graph
10,19,0.0364419,FibHeap
10,19,0.0365811,BinHeap
10,20,0.240613,Graph
10,20,0.0772996,FibHeap
10,20,0.0714892,BinHeap
10,20,0.239148,Graph
10,20,0.0718014,FibHeap
10,20,0.0718398,BinHeap
10,20,0.238571,Graph
10,20,0.071581,FibHeap
10,20,0.0715459,BinHeap
10,20,0.238961,Graph
10,20,0.0723414,FibHeap
10,20,0.0721035,BinHeap
10,20,0.242947,Graph
10,20,0.0719619,FibHeap
10,20,0.072093,BinHeap
10,20,0.242739,Graph
10,20,0.0722462,FibHeap
10,20,0.0714736,BinHeap
10,20,0.238298,Graph
10,20,0.0716452,FibHeap
10,20,0.0715137,BinHeap
10,20,0.238083,Graph
10,20,0.0715743,FibHeap
10,20,0.0714781,BinHeap
10,20,0.240526,Graph
10,20,0.0759386,FibHeap
10,20,0.0719831,BinHeap
10,20,0.240077,Graph
10,20,0.0721015,FibHeap
10,20,0.0716511,BinHeap
10,20,0.237949,Graph
10,20,0.0720988,FibHeap
10,20,0.0721748,BinHeap
10,20,0.237977,Graph
10,20,0.0724498,FibHeap
10,20,0.0717287,BinHeap
10,20,0.237044,Graph
10,20,0.0719457,FibHeap
10,20,0.0717913,BinHeap
10,20,0.237639,Graph
10,20,0.07174,FibHeap
10,20,0.0717121,BinHeap
10,20,0.237543,Graph
10,20,0.0716039,FibHeap
10,20,0.0715964,BinHeap
10,20,0.236917,Graph
10,20,0.0717778,FibHeap
10,20,0.0716899,BinHeap
10,20,0.238162,Graph
10,20,0.0721451,FibHeap
10,20,0.0722328,BinHeap
10,20,0.236925,Graph
10,20,0.0715152,FibHeap
10,20,0.0717295,BinHeap
10,20,0.237195,Graph
10,20,0.0716293,FibHeap
10,20,0.0716624,BinHeap
10,20,0.236899,Graph
10,20,0.0719223,FibHeap
10,20,0.0722482,BinHeap
10,20,0.237806,Graph
10,20,0.0719127,FibHeap
10,20,0.0717409,BinHeap
10,20,0.237055,Graph
10,20,0.0713282,FibHeap
10,20,0.071396,BinHeap
10,20,0.237092,Graph
10,20,0.0716429,FibHeap
10,20,0.0715078,BinHeap
10,20,0.237936,Graph
10,20,0.0713868,FibHeap
10,20,0.0715581,BinHeap
10,20,0.237628,Graph
10,20,0.0713735,FibHeap
10,20,0.0713389,BinHeap
10,20,0.237593,Graph
10,20,0.0726203,FibHeap
10,20,0.0715243,BinHeap
10,20,0.23697,Graph
10,20,0.0714164,FibHeap
10,20,0.0714117,BinHeap
10,20,0.236969,Graph
10,20,0.0714468,FibHeap
10,20,0.072026,BinHeap
10,20,0.238145,Graph
10,20,0.0712997,FibHeap
10,20,0.0714371,BinHeap
10,20,0.237982,Graph
10,20,0.0714043,FibHeap
10,20,0.0714201,BinHeap
10,20,0.237048,Graph
10,20,0.0714142,FibHeap
10,20,0.0715377,BinHeap
10,20,0.239534,Graph
10,20,0.071606,FibHeap
10,20,0.0718359,BinHeap
10,20,0.240024,Graph
10,20,0.0713412,FibHeap
10,20,0.0715534,BinHeap
10,20,0.238512,Graph
10,20,0.0722301,FibHeap
10,20,0.0714432,BinHeap
10,20,0.236775,Graph
10,20,0.0715572,FibHeap
10,20,0.0713674,BinHeap
10,20,0.237587,Graph
10,20,0.0713376,FibHeap
10,20,0.0720476,BinHeap
10,20,0.238534,Graph
10,20,0.0720701,FibHeap
10,20,0.072825,BinHeap
10,20,0.239097,Graph
10,20,0.0716304,FibHeap
10,20,0.0714586,BinHeap
10,20,0.239983,Graph
10,20,0.071597,FibHeap
10,20,0.0728029,BinHeap
10,20,0.237854,Graph
10,20,0.0713959,FibHeap
10,20,0.0715156,BinHeap
10,20,0.237823,Graph
10,20,0.0713683,FibHeap
10,20,0.0713578,BinHeap
10,20,0.237833,Graph
10,20,0.0715817,FibHeap
10,20,0.0714985,BinHeap
10,20,0.237331,Graph
10,20,0.0715091,FibHeap
10,20,0.0712655,BinHeap
10,20,0.238414,Graph
10,20,0.0716007,FibHeap
10,20,0.0717763,BinHeap
10,20,0.240009,Graph
10,20,0.0715229,FibHeap
10,20,0.0714406,BinHeap
10,20,0.237547,Graph
10,20,0.0714949,FibHeap
10,20,0.0713225,BinHeap
10,20,0.238426,Graph
10,20,0.0714546,FibHeap
10,20,0.0713949,BinHeap
10,20,0.237327,Graph
10,20,0.0713675,FibHeap
10,20,0.0712371,BinHeap
10,20,0.236557,Graph
10,20,0.0712962,FibHeap
10,20,0.0712805,BinHeap
10,20,0.236691,Graph
10,20,0.0714234,FibHeap
10,20,0.0713797,BinHeap
10,21,0.483184,Graph
10,21,0.141812,FibHeap
10,21,0.141725,BinHeap
10,21,0.481114,Graph
10,21,0.141609,FibHeap
10,21,0.14796,BinHeap
10,21,0.479617,Graph
10,21,0.141646,FibHeap
10,21,0.142029,BinHeap
10,21,0.481193,Graph
10,21,0.142011,FibHeap
10,21,0.141794,BinHeap
10,21,0.484493,Graph
10,21,0.141574,FibHeap
10,21,0.142772,BinHeap
10,21,0.477109,Graph
10,21,0.141457,FibHeap
10,21,0.141359,BinHeap
10,21,0.476177,Graph
10,21,0.141328,FibHeap
10,21,0.141391,BinHeap
10,21,0.478164,Graph
10,21,0.141704,FibHeap
10,21,0.141662,BinHeap
10,21,0.47913,Graph
10,21,0.141244,FibHeap
10,21,0.141454,BinHeap
10,21,0.476831,Graph
10,21,0.141232,FibHeap
10,21,0.141392,BinHeap
10,21,0.477676,Graph
10,21,0.141289,FibHeap
10,21,0.141397,BinHeap
10,21,0.477168,Graph
10,21,0.141698,FibHeap
10,21,0.142587,BinHeap
10,21,0.485205,Graph
10,21,0.141373,FibHeap
10,21,0.141496,BinHeap
10,21,0.482989,Graph
10,21,0.141589,FibHeap
10,21,0.141623,BinHeap
10,21,0.47913,Graph
10,21,0.141526,FibHeap
10,21,0.141709,BinHeap
10,21,0.476084,Graph
10,21,0.141397,FibHeap
10,21,0.141605,BinHeap
10,21,0.481599,Graph
10,21,0.143867,FibHeap
10,21,0.142608,BinHeap
10,21,0.506427,Graph
10,21,0.14507,FibHeap
10,21,0.148207,BinHeap
10,21,0.49146,Graph
10,21,0.141508,FibHeap
10,21,0.141871,BinHeap
10,21,0.494219,Graph
10,21,0.14933,FibHeap
10,21,0.141488,BinHeap
10,21,0.479582,Graph
10,21,0.141622,FibHeap
10,21,0.141443,BinHeap
10,21,0.478091,Graph
10,21,0.141563,FibHeap
10,21,0.141489,BinHeap
10,21,0.486009,Graph
10,21,0.142635,FibHeap
10,21,0.142555,BinHeap
10,21,0.478599,Graph
10,21,0.14148,FibHeap
10,21,0.141641,BinHeap
10,21,0.485482,Graph
10,21,0.142543,FibHeap
10,21,0.142139,BinHeap
10,21,0.478983,Graph
10,21,0.142603,FibHeap
10,21,0.141869,BinHeap
10,21,0.480025,Graph
10,21,0.141741,FibHeap
10,21,0.142586,BinHeap
10,21,0.480242,Graph
10,21,0.141477,FibHeap
10,21,0.141987,BinHeap
10,21,0.485538,Graph
10,21,0.14196,FibHeap
10,21,0.142378,BinHeap
10,21,0.488377,Graph
10,21,0.143081,FibHeap
10,21,0.14226,BinHeap
10,21,0.480992,Graph
10,21,0.142579,FibHeap
10,21,0.142065,BinHeap
10,21,0.479165,Graph
10,21,0.141816,FibHeap
10,21,0.141577,BinHeap
10,21,0.481503,Graph
10,21,0.142185,FibHeap
10,21,0.141799,BinHeap
10,21,0.498432,Graph
10,21,0.141395,FibHeap
10,21,0.141521,BinHeap
10,21,0.480284,Graph
10,21,0.142136,FibHeap
10,21,0.141973,BinHeap
10,21,0.478776,Graph
10,21,0.141756,FibHeap
10,21,0.1424,BinHeap
10,21,0.483981,Graph
10,21,0.141508,FibHeap
10,21,0.142991,BinHeap
10,21,0.490413,Graph
10,21,0.142561,FibHeap
10,21,0.141819,BinHeap
10,21,0.487883,Graph
10,21,0.141683,FibHeap
10,21,0.14164,BinHeap
10,21,0.484605,Graph
10,21,0.142219,FibHeap
10,21,0.141978,BinHeap
10,21,0.479068,Graph
10,21,0.141765,FibHeap
10,21,0.14196,BinHeap
10,21,0.478832,Graph
10,21,0.141877,FibHeap
10,21,0.142023,BinHeap
10,21,0.477711,Graph
10,21,0.145299,FibHeap
10,21,0.142397,BinHeap
10,21,0.488867,Graph
10,21,0.141368,FibHeap
10,21,0.141638,BinHeap
10,21,0.478348,Graph
10,21,0.141454,FibHeap
10,21,0.141453,BinHeap
10,21,0.477817,Graph
10,21,0.141477,FibHeap
10,21,0.144722,BinHeap
10,21,0.487336,Graph
10,21,0.14183,FibHeap
10,21,0.142866,BinHeap
10,21,0.482677,Graph
10,21,0.150246,FibHeap
10,21,0.142948,BinHeap
10,21,0.484795,Graph
10,21,0.141606,FibHeap
10,21,0.141971,BinHeap
10,21,0.481414,Graph
10,21,0.141902,FibHeap
10,21,0.1417,BinHeap
10,22,0.963078,Graph
10,22,0.282752,FibHeap
10,22,0.281975,BinHeap
10,22,0.961516,Graph
10,22,0.282058,FibHeap
10,22,0.281793,BinHeap
10,22,0.962585,Graph
10,22,0.281948,FibHeap
10,22,0.283809,BinHeap
10,22,0.967881,Graph
10,22,0.281907,FibHeap
10,22,0.282671,BinHeap
10,22,0.96662,Graph
10,22,0.281924,FibHeap
10,22,0.281821,BinHeap
10,22,0.964269,Graph
10,22,0.282133,FibHeap
10,22,0.28318,BinHeap
10,22,0.969978,Graph
10,22,0.282997,FibHeap
10,22,0.281959,BinHeap
10,22,0.995809,Graph
10,22,0.290196,FibHeap
10,22,0.283834,BinHeap
10,22,0.963899,Graph
10,22,0.282879,FibHeap
10,22,0.28376,BinHeap
10,22,0.979756,Graph
10,22,0.282226,FibHeap
10,22,0.284306,BinHeap
10,22,0.997066,Graph
10,22,0.282291,FibHeap
10,22,0.282845,BinHeap
10,22,0.982891,Graph
10,22,0.283909,FibHeap
10,22,0.284072,BinHeap
10,22,0.967135,Graph
10,22,0.281563,FibHeap
10,22,0.28283,BinHeap
10,22,0.97512,Graph
10,22,0.282698,FibHeap
10,22,0.283134,BinHeap
10,22,0.964622,Graph
10,22,0.28172,FibHeap
10,22,0.288331,BinHeap
10,22,0.968997,Graph
10,22,0.283713,FibHeap
10,22,0.283672,BinHeap
10,22,0.97012,Graph
10,22,0.282069,FibHeap
10,22,0.283485,BinHeap
10,22,0.983121,Graph
10,22,0.2853,FibHeap
10,22,0.282367,BinHeap
10,22,0.985467,Graph
10,22,0.281926,FibHeap
10,22,0.28992,BinHeap
10,22,0.968504,Graph
10,22,0.281476,FibHeap
10,22,0.281797,BinHeap
10,22,0.961394,Graph
10,22,0.281408,FibHeap
10,22,0.28151,BinHeap
10,22,0.96591,Graph
10,22,0.281073,FibHeap
10,22,0.281391,BinHeap
10,22,0.956894,Graph
10,22,0.281471,FibHeap
10,22,0.281599,BinHeap
10,22,0.962493,Graph
10,22,0.281584,FibHeap
10,22,0.282385,BinHeap
10,22,0.965619,Graph
10,22,0.282868,FibHeap
10,22,0.282471,BinHeap
10,22,0.975291,Graph
10,22,0.281433,FibHeap
10,22,0.281621,BinHeap
10,22,0.961997,Graph
10,22,0.281634,FibHeap
10,22,0.281627,BinHeap
10,22,0.960057,Graph
10,22,0.281876,FibHeap
10,22,0.282227,BinHeap
10,22,1.00269,Graph
10,22,0.282961,FibHeap
10,22,0.282364,BinHeap
10,22,1.07018,Graph
10,22,0.302784,FibHeap
10,22,0.285709,BinHeap
10,22,0.98375,Graph
10,22,0.286498,FibHeap
10,22,0.282859,BinHeap
10,22,0.974053,Graph
10,22,0.283704,FibHeap
10,22,0.285647,BinHeap
10,22,0.963303,Graph
10,22,0.283996,FibHeap
10,22,0.284634,BinHeap
10,22,0.978313,Graph
10,22,0.282877,FibHeap
10,22,0.281951,BinHeap
10,22,0.962488,Graph
10,22,0.281879,FibHeap
10,22,0.281273,BinHeap
10,22,0.960316,Graph
10,22,0.281077,FibHeap
10,22,0.281969,BinHeap
10,22,0.96756,Graph
10,22,0.284256,FibHeap
10,22,0.287665,BinHeap
10,22,0.974211,Graph
10,22,0.281787,FibHeap
10,22,0.282002,BinHeap
10,22,0.969288,Graph
10,22,0.281488,FibHeap
10,22,0.281849,BinHeap
10,22,1.05023,Graph
10,22,0.286926,FibHeap
10,22,0.287564,BinHeap
10,22,1.02395,Graph
10,22,0.286076,FibHeap
10,22,0.28755,BinHeap
10,22,0.985209,Graph
10,22,0.286474,FibHeap
10,22,0.2962,BinHeap
10,22,1.02446,Graph
10,22,0.286416,FibHeap
10,22,0.288317,BinHeap
10,22,0.99805,Graph
10,22,0.282485,FibHeap
10,22,0.282085,BinHeap
10,22,0.985062,Graph
10,22,0.284186,FibHeap
10,22,0.282578,BinHeap
10,22,0.968287,Graph
10,22,0.287563,FibHeap
10,22,0.282399,BinHeap
10,22,0.974885,Graph
10,22,0.281615,FibHeap
10,22,0.282979,BinHeap
10,22,0.963185,Graph
10,22,0.283086,FibHeap
10,22,0.28398,BinHeap
10,22,0.970304,Graph
10,22,0.286709,FibHeap
10,22,0.284183,BinHeap
10,22,0.979837,Graph
10,22,0.281928,FibHeap
10,22,0.282203,BinHeap
12,16,0.0184254,Graph
12,16,0.00990313,FibHeap
12,16,0.00835161,BinHeap
12,16,0.0183399,Graph
12,16,0.00965204,FibHeap
12,16,0.00828047,BinHeap
12,16,0.0182546,Graph
12,16,0.00960486,FibHeap
12,16,0.00824718,BinHeap
12,16,0.0183508,Graph
12,16,0.00965928,FibHeap
12,16,0.0085069,BinHeap
12,16,0.0205758,Graph
12,16,0.0100624,FibHeap
12,16,0.00852446,BinHeap
12,16,0.0187773,Graph
12,16,0.00971745,FibHeap
12,16,0.00827238,BinHeap
12,16,0.018307,Graph
12,16,0.00987311,FibHeap
12,16,0.00848467,BinHeap
12,16,0.0184534,Graph
12,16,0.00979514,FibHeap
12,16,0.00838775,BinHeap
12,16,0.0184327,Graph
12,16,0.00979464,FibHeap
12,16,0.00838264,BinHeap
12,16,0.0184436,Graph
12,16,0.00983079,FibHeap
12,16,0.00837898,BinHeap
12,16,0.0182953,Graph
12,16,0.0096671,FibHeap
12,16,0.00830769,BinHeap
12,16,0.0185655,Graph
12,16,0.0100339,FibHeap
12,16,0.00875155,BinHeap
12,16,0.0209271,Graph
12,16,0.00994329,FibHeap
12,16,0.00841645,BinHeap
12,16,0.0183356,Graph
12,16,0.00967224,FibHeap
12,16,0.00827621,BinHeap
12,16,0.0182818,Graph
12,16,0.0096361,FibHeap
12,16,0.00827605,BinHeap
12,16,0.0183693,Graph
12,16,0.00958745,FibHeap
12,16,0.00826658,BinHeap
12,16,0.0185299,Graph
12,16,0.0096831,FibHeap
12,16,0.00828242,BinHeap
12,16,0.0182704,Graph
12,16,0.00962877,FibHeap
12,16,0.00826358,BinHeap
12,16,0.0182934,Graph
12,16,0.00963264,FibHeap
12,16,0.00845903,BinHeap
12,16,0.0183084,Graph
12,16,0.00963045,FibHeap
12,16,0.00827217,BinHeap
12,16,0.0183802,Graph
12,16,0.00975411,FibHeap
12,16,0.00828163,BinHeap
12,16,0.0182561,Graph
12,16,0.00961217,FibHeap
12,16,0.00822919,BinHeap
12,16,0.0182644,Graph
12,16,0.00959836,FibHeap
12,16,0.00825323,BinHeap
12,16,0.0182799,Graph
12,16,0.00961136,FibHeap
12,16,0.00825317,BinHeap
12,16,0.018382,Graph
12,16,0.00962441,FibHeap
12,16,0.0082561,BinHeap
12,16,0.0182551,Graph
12,16,0.00959939,FibHeap
12,16,0.00825516,BinHeap
12,16,0.0183803,Graph
12,16,0.00962225,FibHeap
12,16,0.00826726,BinHeap
12,16,0.0183061,Graph
12,16,0.00965032,FibHeap
12,16,0.00824791,BinHeap
12,16,0.0183121,Graph
12,16,0.00962735,FibHeap
12,16,0.00826165,BinHeap
12,16,0.0182586,Graph
12,16,0.00960805,FibHeap
12,16,0.00823004,BinHeap
12,16,0.0183203,Graph
12,16,0.00961866,FibHeap
12,16,0.00822669,BinHeap
12,16,0.0183215,Graph
12,16,0.0096409,FibHeap
12,16,0.00827399,BinHeap
12,16,0.0183363,Graph
12,16,0.00976736,FibHeap
12,16,0.00828538,BinHeap
12,16,0.0183424,Graph
12,16,0.00961015,FibHeap
12,16,0.00842153,BinHeap
12,16,0.0183438,Graph
12,16,0.00960448,FibHeap
12,16,0.00850212,BinHeap
12,16,0.0186449,Graph
12,16,0.00972415,FibHeap
12,16,0.00828827,BinHeap
12,16,0.0183158,Graph
12,16,0.00967136,FibHeap
12,16,0.0082715,BinHeap
12,16,0.0183306,Graph
12,16,0.00964322,FibHeap
12,16,0.00824917,BinHeap
12,16,0.0183124,Graph
12,16,0.00963406,FibHeap
12,16,0.00823073,BinHeap
12,16,0.0183324,Graph
12,16,0.00961526,FibHeap
12,16,0.00826895,BinHeap
12,16,0.0183105,Graph
12,16,0.00990433,FibHeap
12,16,0.00906969,BinHeap
12,16,0.0188906,Graph
12,16,0.00979242,FibHeap
12,16,0.00879032,BinHeap
12,16,0.0187615,Graph
12,16,0.00979439,FibHeap
12,16,0.00824551,BinHeap
12,16,0.0184244,Graph
12,16,0.0104937,FibHeap
12,16,0.00869202,BinHeap
12,16,0.0183458,Graph
12,16,0.0096127,FibHeap
12,16,0.00839114,BinHeap
12,16,0.0185247,Graph
12,16,0.00974206,FibHeap
12,16,0.00829628,BinHeap
12,16,0.0184064,Graph
12,16,0.00964057,FibHeap
12,16,0.00824856,BinHeap
12,16,0.0199097,Graph
12,16,0.00991903,FibHeap
12,16,0.0083797,BinHeap
12,16,0.0183721,Graph
12,16,0.0099379,FibHeap
12,16,0.00836734,BinHeap
12,16,0.0183893,Graph
12,16,0.0096807,FibHeap
12,16,0.00825604,BinHeap
12,17,0.0343723,Graph
12,17,0.0145558,FibHeap
12,17,0.0130303,BinHeap
12,17,0.0340804,Graph
12,17,0.0143491,FibHeap
12,17,0.0129919,BinHeap
12,17,0.0338186,Graph
12,17,0.0148982,FibHeap
12,17,0.0132913,BinHeap
12,17,0.0339822,Graph
12,17,0.01451,FibHeap
12,17,0.0129921,BinHeap
12,17,0.0340518,Graph
12,17,0.0142794,FibHeap
12,17,0.0129323,BinHeap
12,17,0.0347785,Graph
12,17,0.0144289,FibHeap
12,17,0.0133167,BinHeap
12,17,0.0338987,Graph
12,17,0.0144398,FibHeap
12,17,0.0130738,BinHeap
12,17,0.0358247,Graph
12,17,0.0143192,FibHeap
12,17,0.0131377,BinHeap
12,17,0.0339351,Graph
12,17,0.0143194,FibHeap
12,17,0.0129364,BinHeap
12,17,0.0345043,Graph
12,17,0.0144782,FibHeap
12,17,0.0130138,BinHeap
12,17,0.0340099,Graph
12,17,0.0143309,FibHeap
12,17,0.0129285,BinHeap
12,17,0.0337755,Graph
12,17,0.0145885,FibHeap
12,17,0.0135303,BinHeap
12,17,0.034998,Graph
12,17,0.0147385,FibHeap
12,17,0.0149244,BinHeap
12,17,0.0360163,Graph
12,17,0.0148698,FibHeap
12,17,0.0138547,BinHeap
12,17,0.0339614,Graph
12,17,0.0146454,FibHeap
12,17,0.0134422,BinHeap
12,17,0.0340783,Graph
12,17,0.0144917,FibHeap
12,17,0.0130375,BinHeap
12,17,0.0347422,Graph
12,17,0.0144332,FibHeap
12,17,0.0131819,BinHeap
12,17,0.0339026,Graph
12,17,0.0143713,FibHeap
12,17,0.0130251,BinHeap
12,17,0.0340687,Graph
12,17,0.0143951,FibHeap
12,17,0.0130656,BinHeap
12,17,0.0341152,Graph
12,17,0.0143613,FibHeap
12,17,0.0129491,BinHeap
12,17,0.0344771,Graph
12,17,0.014751,FibHeap
12,17,0.0135236,BinHeap
12,17,0.0344136,Graph
12,17,0.0147096,FibHeap
12,17,0.0136512,BinHeap
12,17,0.0341918,Graph
12,17,0.0144764,FibHeap
12,17,0.0129899,BinHeap
12,17,0.0339716,Graph
12,17,0.0143547,FibHeap
12,17,0.0129447,BinHeap
12,17,0.0340236,Graph
12,17,0.0143434,FibHeap
12,17,0.012962,BinHeap
12,17,0.0339718,Graph
12,17,0.0142722,FibHeap
12,17,0.0134928,BinHeap
12,17,0.0339528,Graph
12,17,0.0143167,FibHeap
12,17,0.0129105,BinHeap
12,17,0.0338121,Graph
12,17,0.0143086,FibHeap
12,17,0.0129464,BinHeap
12,17,0.0341576,Graph
12,17,0.0143324,FibHeap
12,17,0.0129036,BinHeap
12,17,0.0339352,Graph
12,17,0.0143179,FibHeap
12,17,0.0129545,BinHeap
12,17,0.0337862,Graph
12,17,0.0143196,FibHeap
12,17,0.0129674,BinHeap
12,17,0.0338319,Graph
12,17,0.0142847,FibHeap
12,17,0.0129216,BinHeap
12,17,0.0348323,Graph
12,17,0.0143624,FibHeap
12,17,0.0129744,BinHeap
12,17,0.0338804,Graph
12,17,0.0142726,FibHeap
12,17,0.0129033,BinHeap
12,17,0.0338353,Graph
12,17,0.0142911,FibHeap
12,17,0.012932,BinHeap
12,17,0.0339204,Graph
12,17,0.0142858,FibHeap
12,17,0.012914,BinHeap
12,17,0.0340617,Graph
12,17,0.0143165,FibHeap
12,17,0.0129292,BinHeap
12,17,0.033884,Graph
12,17,0.0142804,FibHeap
12,17,0.0129383,BinHeap
12,17,0.0339132,Graph
12,17,0.0142749,FibHeap
12,17,0.0129483,BinHeap
12,17,0.0339587,Graph
12,17,0.0143221,FibHeap
12,17,0.0129227,BinHeap
12,17,0.0340913,Graph
12,17,0.0143936,FibHeap
12,17,0.0129989,BinHeap
12,17,0.0338187,Graph
12,17,0.0142843,FibHeap
12,17,0.0128951,BinHeap
12,17,0.0338091,Graph
12,17,0.014322,FibHeap
12,17,0.0132649,BinHeap
12,17,0.0338617,Graph
12,17,0.0143349,FibHeap
12,17,0.0129827,BinHeap
12,17,0.034081,Graph
12,17,0.0143932,FibHeap
12,17,0.0129457,BinHeap
12,17,0.0338097,Graph
12,17,0.014291,FibHeap
12,17,0.012971,BinHeap
12,17,0.0339463,Graph
12,17,0.0143136,FibHeap
12,17,0.013033,BinHeap
12,17,0.034036,Graph
12,17,0.0143031,FibHeap
12,17,0.0129439,BinHeap
12,17,0.0339293,Graph
12,17,0.0144752,FibHeap
12,17,0.0129854,BinHeap
12,17,0.0338389,Graph
12,17,0.0143,FibHeap
12,17,0.0129678,BinHeap
12,18,0.0643195,Graph
12,18,0.0235061,FibHeap
12,18,0.022135,BinHeap
12,18,0.0643452,Graph
12,18,0.0234804,FibHeap
12,18,0.0221667,BinHeap
12,18,0.0641946,Graph
12,18,0.0235008,FibHeap
12,18,0.0221286,BinHeap
12,18,0.0642482,Graph
12,18,0.0236081,FibHeap
12,18,0.022289,BinHeap
12,18,0.0642346,Graph
12,18,0.0234942,FibHeap
12,18,0.0221329,BinHeap
12,18,0.0641847,Graph
12,18,0.0235221,FibHeap
12,18,0.0223304,BinHeap
12,18,0.0642136,Graph
12,18,0.0234815,FibHeap
12,18,0.0222122,BinHeap
12,18,0.0643239,Graph
12,18,0.0235375,FibHeap
12,18,0.0221085,BinHeap
12,18,0.0645693,Graph
12,18,0.0235276,FibHeap
12,18,0.0221426,BinHeap
12,18,0.0641512,Graph
12,18,0.0234884,FibHeap
12,18,0.0220552,BinHeap
12,18,0.0641591,Graph
12,18,0.0235501,FibHeap
12,18,0.0221139,BinHeap
12,18,0.0641722,Graph
12,18,0.0234873,FibHeap
12,18,0.0221335,BinHeap
12,18,0.0645546,Graph
12,18,0.0236041,FibHeap
12,18,0.0222836,BinHeap
12,18,0.0641944,Graph
12,18,0.0237022,FibHeap
12,18,0.0221438,BinHeap
12,18,0.0640266,Graph
12,18,0.02347,FibHeap
12,18,0.0221735,BinHeap
12,18,0.0642029,Graph
12,18,0.023491,FibHeap
12,18,0.0221317,BinHeap
12,18,0.0643581,Graph
12,18,0.0235201,FibHeap
12,18,0.0220905,BinHeap
12,18,0.0645939,Graph
12,18,0.0235743,FibHeap
12,18,0.0222377,BinHeap
12,18,0.0643309,Graph
12,18,0.0235259,FibHeap
12,18,0.0221036,BinHeap
12,18,0.0642433,Graph
12,18,0.0234963,FibHeap
12,18,0.0221023,BinHeap
12,18,0.0641415,Graph
12,18,0.0234755,FibHeap
12,18,0.0221433,BinHeap
12,18,0.0643467,Graph
12,18,0.0235033,FibHeap
12,18,0.0223296,BinHeap
12,18,0.0708545,Graph
12,18,0.023636,FibHeap
12,18,0.0223192,BinHeap
12,18,0.0648958,Graph
12,18,0.0235829,FibHeap
12,18,0.0222938,BinHeap
12,18,0.0646137,Graph
12,18,0.0236683,FibHeap
12,18,0.0222357,BinHeap
12,18,0.0643391,Graph
12,18,0.0235031,FibHeap
12,18,0.022327,BinHeap
12,18,0.065203,Graph
12,18,0.0235005,FibHeap
12,18,0.0221433,BinHeap
12,18,0.0648571,Graph
12,18,0.023591,FibHeap
12,18,0.0223116,BinHeap
12,18,0.0650436,Graph
12,18,0.0236198,FibHeap
12,18,0.0223015,BinHeap
12,18,0.064339,Graph
12,18,0.0235215,FibHeap
12,18,0.0221265,BinHeap
12,18,0.0644154,Graph
12,18,0.0237522,FibHeap
12,18,0.0223755,BinHeap
12,18,0.0641999,Graph
12,18,0.0235098,FibHeap
12,18,0.0221182,BinHeap
12,18,0.0641624,Graph
12,18,0.0234818,FibHeap
12,18,0.0222895,BinHeap
12,18,0.0642404,Graph
12,18,0.0234803,FibHeap
12,18,0.0221711,BinHeap
12,18,0.0641423,Graph
12,18,0.0235395,FibHeap
12,18,0.0221568,BinHeap
12,18,0.0641836,Graph
12,18,0.0235652,FibHeap
12,18,0.0221093,BinHeap
12,18,0.0642509,Graph
12,18,0.0235201,FibHeap
12,18,0.0221635,BinHeap
12,18,0.0642943,Graph
12,18,0.0235784,FibHeap
12,18,0.022158,BinHeap
12,18,0.0642899,Graph
12,18,0.0235117,FibHeap
12,18,0.0220859,BinHeap
12,18,0.0642992,Graph
12,18,0.0234899,FibHeap
12,18,0.0221068,BinHeap
12,18,0.0647044,Graph
12,18,0.0239961,FibHeap
12,18,0.0222901,BinHeap
12,18,0.0648901,Graph
12,18,0.0235822,FibHeap
12,18,0.0222268,BinHeap
12,18,0.0643799,Graph
12,18,0.0236116,FibHeap
12,18,0.0225514,BinHeap
12,18,0.0653757,Graph
12,18,0.0236345,FibHeap
12,18,0.0222616,BinHeap
12,18,0.0643323,Graph
12,18,0.0235104,FibHeap
12,18,0.0222628,BinHeap
12,18,0.064511,Graph
12,18,0.0235325,FibHeap
12,18,0.0224703,BinHeap
12,18,0.065282,Graph
12,18,0.0241211,FibHeap
12,18,0.0223239,BinHeap
12,18,0.0644095,Graph
12,18,0.023666,FibHeap
12,18,0.0222287,BinHeap
12,18,0.0652757,Graph
12,18,0.0236997,FibHeap
12,18,0.0222646,BinHeap
12,18,0.0644329,Graph
12,18,0.0235397,FibHeap
12,18,0.0221753,BinHeap
12,19,0.126008,Graph
12,19,0.0429763,FibHeap
12,19,0.0407668,BinHeap
12,19,0.125508,Graph
12,19,0.0416791,FibHeap
12,19,0.0401695,BinHeap
12,19,0.125802,Graph
12,19,0.0419809,FibHeap
12,19,0.0403623,BinHeap
12,19,0.125092,Graph
12,19,0.0417458,FibHeap
12,19,0.0404822,BinHeap
12,19,0.125952,Graph
12,19,0.0418231,FibHeap
12,19,0.0403874,BinHeap
12,19,0.127256,Graph
12,19,0.0426862,FibHeap
12,19,0.0411594,BinHeap
12,19,0.126303,Graph
12,19,0.0417013,FibHeap
12,19,0.040282,BinHeap
12,19,0.125788,Graph
12,19,0.0480503,FibHeap
12,19,0.0404538,BinHeap
12,19,0.124568,Graph
12,19,0.0419545,FibHeap
12,19,0.0410679,BinHeap
12,19,0.126218,Graph
12,19,0.0415687,FibHeap
12,19,0.0402764,BinHeap
12,19,0.125259,Graph
12,19,0.041481,FibHeap
12,19,0.0402094,BinHeap
12,19,0.124843,Graph
12,19,0.0414692,FibHeap
12,19,0.0401349,BinHeap
12,19,0.124572,Graph
12,19,0.0415861,FibHeap
12,19,0.0401578,BinHeap
12,19,0.124328,Graph
12,19,0.041453,FibHeap
12,19,0.0401506,BinHeap
12,19,0.124668,Graph
12,19,0.0416359,FibHeap
12,19,0.0404733,BinHeap
12,19,0.124708,Graph
12,19,0.0415884,FibHeap
12,19,0.0401971,BinHeap
12,19,0.124291,Graph
12,19,0.0415753,FibHeap
12,19,0.0403335,BinHeap
12,19,0.124361,Graph
12,19,0.0414613,FibHeap
12,19,0.0401445,BinHeap
12,19,0.125064,Graph
12,19,0.0416211,FibHeap
12,19,0.040238,BinHeap
12,19,0.124659,Graph
12,19,0.0419286,FibHeap
12,19,0.040719,BinHeap
12,19,0.126167,Graph
12,19,0.0420516,FibHeap
12,19,0.0460274,BinHeap
12,19,0.128847,Graph
12,19,0.0417394,FibHeap
12,19,0.0403787,BinHeap
12,19,0.125968,Graph
12,19,0.0422661,FibHeap
12,19,0.0407297,BinHeap
12,19,0.126134,Graph
12,19,0.0425449,FibHeap
12,19,0.0413228,BinHeap
12,19,0.128813,Graph
12,19,0.0468363,FibHeap
12,19,0.0434829,BinHeap
12,19,0.129206,Graph
12,19,0.0425532,FibHeap
12,19,0.0411832,BinHeap
12,19,0.127719,Graph
12,19,0.0416642,FibHeap
12,19,0.0402412,BinHeap
12,19,0.128279,Graph
12,19,0.0420896,FibHeap
12,19,0.0407973,BinHeap
12,19,0.126353,Graph
12,19,0.0416894,FibHeap
12,19,0.0404582,BinHeap
12,19,0.126517,Graph
12,19,0.041678,FibHeap
12,19,0.0404363,BinHeap
12,19,0.125283,Graph
12,19,0.0423277,FibHeap
12,19,0.0410802,BinHeap
12,19,0.125715,Graph
12,19,0.0417188,FibHeap
12,19,0.0410342,BinHeap
12,19,0.126797,Graph
12,19,0.0416148,FibHeap
12,19,0.0405264,BinHeap
12,19,0.124468,Graph
12,19,0.0415419,FibHeap
12,19,0.0404122,BinHeap
12,19,0.124536,Graph
12,19,0.0418317,FibHeap
12,19,0.0401853,BinHeap
12,19,0.12456,Graph
12,19,0.0416206,FibHeap
12,19,0.0402689,BinHeap
12,19,0.124173,Graph
12,19,0.0415196,FibHeap
12,19,0.0401251,BinHeap
12,19,0.124698,Graph
12,19,0.0416344,FibHeap
12,19,0.0402483,BinHeap
12,19,0.124332,Graph
12,19,0.0416129,FibHeap
12,19,0.0403804,BinHeap
12,19,0.124353,Graph
12,19,0.0415251,FibHeap
12,19,0.0400893,BinHeap
12,19,0.12473,Graph
12,19,0.0415039,FibHeap
12,19,0.0401598,BinHeap
12,19,0.124109,Graph
12,19,0.0414848,FibHeap
12,19,0.040132,BinHeap
12,19,0.12432,Graph
12,19,0.0415044,FibHeap
12,19,0.0401421,BinHeap
12,19,0.124543,Graph
12,19,0.0417585,FibHeap
12,19,0.0401832,BinHeap
12,19,0.124242,Graph
12,19,0.0414782,FibHeap
12,19,0.04027,BinHeap
12,19,0.124211,Graph
12,19,0.0415229,FibHeap
12,19,0.040178,BinHeap
12,19,0.124399,Graph
12,19,0.0415409,FibHeap
12,19,0.0402119,BinHeap
12,19,0.124529,Graph
12,19,0.0415659,FibHeap
12,19,0.0403739,BinHeap
12,19,0.124688,Graph
12,19,0.0414929,FibHeap
12,19,0.0402092,BinHeap
12,19,0.124186,Graph
12,19,0.0415497,FibHeap
12,19,0.0403472,BinHeap
12,20,0.248158,Graph
12,20,0.0773294,FibHeap
12,20,0.0760476,BinHeap
12,20,0.247879,Graph
12,20,0.0775831,FibHeap
12,20,0.0761976,BinHeap
12,20,0.247855,Graph
12,20,0.0773,FibHeap
12,20,0.0760733,BinHeap
12,20,0.247497,Graph
12,20,0.0773728,FibHeap
12,20,0.0760789,BinHeap
12,20,0.248502,Graph
12,20,0.0773454,FibHeap
12,20,0.0762495,BinHeap
12,20,0.247493,Graph
12,20,0.0772842,FibHeap
12,20,0.0763196,BinHeap
12,20,0.248155,Graph
12,20,0.0776634,FibHeap
12,20,0.0762542,BinHeap
12,20,0.247237,Graph
12,20,0.0774046,FibHeap
12,20,0.0760826,BinHeap
12,20,0.247605,Graph
12,20,0.0773092,FibHeap
12,20,0.0760068,BinHeap
12,20,0.247708,Graph
12,20,0.0775348,FibHeap
12,20,0.0763502,BinHeap
12,20,0.248407,Graph
12,20,0.077217,FibHeap
12,20,0.0762105,BinHeap
12,20,0.248239,Graph
12,20,0.0775396,FibHeap
12,20,0.0762538,BinHeap
12,20,0.248174,Graph
12,20,0.0773682,FibHeap
12,20,0.0763304,BinHeap
12,20,0.248198,Graph
12,20,0.0772671,FibHeap
12,20,0.0761234,BinHeap
12,20,0.24856,Graph
12,20,0.0775279,FibHeap
12,20,0.0767767,BinHeap
12,20,0.248138,Graph
12,20,0.0773044,FibHeap
12,20,0.0760826,BinHeap
12,20,0.247786,Graph
12,20,0.0773159,FibHeap
12,20,0.0761834,BinHeap
12,20,0.24812,Graph
12,20,0.0772479,FibHeap
12,20,0.0765279,BinHeap
12,20,0.248013,Graph
12,20,0.0773175,FibHeap
12,20,0.0761015,BinHeap
12,20,0.253988,Graph
12,20,0.0781909,FibHeap
12,20,0.0763615,BinHeap
12,20,0.249072,Graph
12,20,0.0775962,FibHeap
12,20,0.0766882,BinHeap
12,20,0.249251,Graph
12,20,0.0776791,FibHeap
12,20,0.0764545,BinHeap
12,20,0.251435,Graph
12,20,0.0786443,FibHeap
12,20,0.077591,BinHeap
12,20,0.253903,Graph
12,20,0.0849689,FibHeap
12,20,0.0783208,BinHeap
12,20,0.250146,Graph
12,20,0.0810578,FibHeap
12,20,0.0810277,BinHeap
12,20,0.251724,Graph
12,20,0.0780253,FibHeap
12,20,0.0764985,BinHeap
12,20,0.25053,Graph
12,20,0.0784471,FibHeap
12,20,0.0771261,BinHeap
12,20,0.249099,Graph
12,20,0.0775606,FibHeap
12,20,0.0764148,BinHeap
12,20,0.248886,Graph
12,20,0.0775533,FibHeap
12,20,0.076555,BinHeap
12,20,0.249153,Graph
12,20,0.077628,FibHeap
12,20,0.0761596,BinHeap
12,20,0.249451,Graph
12,20,0.0773735,FibHeap
12,20,0.0762662,BinHeap
12,20,0.248978,Graph
12,20,0.0773754,FibHeap
12,20,0.0761216,BinHeap
12,20,0.248546,Graph
12,20,0.0774314,FibHeap
12,20,0.0760688,BinHeap
12,20,0.248661,Graph
12,20,0.0777532,FibHeap
12,20,0.0763491,BinHeap
12,20,0.248894,Graph
12,20,0.0775029,FibHeap
12,20,0.0762795,BinHeap
12,20,0.249503,Graph
12,20,0.0774284,FibHeap
12,20,0.0767585,BinHeap
12,20,0.249294,Graph
12,20,0.0774417,FibHeap
12,20,0.0761101,BinHeap
12,20,0.248863,Graph
12,20,0.0776437,FibHeap
12,20,0.0762625,BinHeap
12,20,0.24898,Graph
12,20,0.077914,FibHeap
12,20,0.076326,BinHeap
12,20,0.251466,Graph
12,20,0.0774661,FibHeap
12,20,0.0765334,BinHeap
12,20,0.256282,Graph
12,20,0.0774928,FibHeap
12,20,0.0764139,BinHeap
12,20,0.253356,Graph
12,20,0.0781406,FibHeap
12,20,0.0778625,BinHeap
12,20,0.251753,Graph
12,20,0.0776254,FibHeap
12,20,0.0764935,BinHeap
12,20,0.253121,Graph
12,20,0.0787764,FibHeap
12,20,0.0774605,BinHeap
12,20,0.252649,Graph
12,20,0.0776652,FibHeap
12,20,0.0764045,BinHeap
12,20,0.24958,Graph
12,20,0.0820165,FibHeap
12,20,0.0767484,BinHeap
12,20,0.250829,Graph
12,20,0.0776929,FibHeap
12,20,0.0763396,BinHeap
12,20,0.250544,Graph
12,20,0.0775851,FibHeap
12,20,0.0763662,BinHeap
12,20,0.248905,Graph
12,20,0.0777082,FibHeap
12,20,0.0784823,BinHeap
12,20,0.253616,Graph
12,20,0.0789796,FibHeap
12,20,0.0765564,BinHeap
12,21,0.521257,Graph
12,21,0.150569,FibHeap
12,21,0.151655,BinHeap
12,21,0.517642,Graph
12,21,0.150229,FibHeap
12,21,0.148981,BinHeap
12,21,0.50727,Graph
12,21,0.150717,FibHeap
12,21,0.149753,BinHeap
12,21,0.509057,Graph
12,21,0.150245,FibHeap
12,21,0.150305,BinHeap
12,21,0.499387,Graph
12,21,0.14892,FibHeap
12,21,0.148017,BinHeap
12,21,0.499005,Graph
12,21,0.151529,FibHeap
12,21,0.147876,BinHeap
12,21,0.498931,Graph
12,21,0.149129,FibHeap
12,21,0.148105,BinHeap
12,21,0.499638,Graph
12,21,0.149124,FibHeap
12,21,0.147993,BinHeap
12,21,0.500798,Graph
12,21,0.148793,FibHeap
12,21,0.15684,BinHeap
12,21,0.513701,Graph
12,21,0.160631,FibHeap
12,21,0.148565,BinHeap
12,21,0.503334,Graph
12,21,0.149435,FibHeap
12,21,0.149899,BinHeap
12,21,0.51491,Graph
12,21,0.149709,FibHeap
12,21,0.148364,BinHeap
12,21,0.49903,Graph
12,21,0.150493,FibHeap
12,21,0.148687,BinHeap
12,21,0.508386,Graph
12,21,0.149762,FibHeap
12,21,0.149018,BinHeap
12,21,0.499788,Graph
12,21,0.149554,FibHeap
12,21,0.156325,BinHeap
12,21,0.508184,Graph
12,21,0.153787,FibHeap
12,21,0.148027,BinHeap
12,21,0.499998,Graph
12,21,0.148859,FibHeap
12,21,0.148214,BinHeap
12,21,0.497244,Graph
12,21,0.148715,FibHeap
12,21,0.148363,BinHeap
12,21,0.497171,Graph
12,21,0.152077,FibHeap
12,21,0.148549,BinHeap
12,21,0.502492,Graph
12,21,0.149151,FibHeap
12,21,0.148174,BinHeap
12,21,0.497858,Graph
12,21,0.148423,FibHeap
12,21,0.147933,BinHeap
12,21,0.497854,Graph
12,21,0.14901,FibHeap
12,21,0.148041,BinHeap
12,21,0.497764,Graph
12,21,0.148922,FibHeap
12,21,0.147789,BinHeap
12,21,0.495716,Graph
12,21,0.148925,FibHeap
12,21,0.147838,BinHeap
12,21,0.502389,Graph
12,21,0.148864,FibHeap
12,21,0.148516,BinHeap
12,21,0.49832,Graph
12,21,0.148803,FibHeap
12,21,0.153679,BinHeap
12,21,0.499233,Graph
12,21,0.152929,FibHeap
12,21,0.150909,BinHeap
12,21,0.502475,Graph
12,21,0.150708,FibHeap
12,21,0.148922,BinHeap
12,21,0.511911,Graph
12,21,0.149766,FibHeap
12,21,0.14799,BinHeap
12,21,0.498987,Graph
12,21,0.153568,FibHeap
12,21,0.149531,BinHeap
12,21,0.500019,Graph
12,21,0.150207,FibHeap
12,21,0.148103,BinHeap
12,21,0.497399,Graph
12,21,0.148703,FibHeap
12,21,0.147876,BinHeap
12,21,0.510353,Graph
12,21,0.151282,FibHeap
12,21,0.147792,BinHeap
12,21,0.499583,Graph
12,21,0.15074,FibHeap
12,21,0.148151,BinHeap
12,21,0.497036,Graph
12,21,0.149005,FibHeap
12,21,0.148075,BinHeap
12,21,0.502197,Graph
12,21,0.151644,FibHeap
12,21,0.149863,BinHeap
12,21,0.502454,Graph
12,21,0.149239,FibHeap
12,21,0.148698,BinHeap
12,21,0.505834,Graph
12,21,0.150247,FibHeap
12,21,0.147708,BinHeap
12,21,0.500647,Graph
12,21,0.148767,FibHeap
12,21,0.147928,BinHeap
12,21,0.496681,Graph
12,21,0.149421,FibHeap
12,21,0.148251,BinHeap
12,21,0.499986,Graph
12,21,0.150524,FibHeap
12,21,0.157316,BinHeap
12,21,0.511339,Graph
12,21,0.150433,FibHeap
12,21,0.148165,BinHeap
12,21,0.506894,Graph
12,21,0.150998,FibHeap
12,21,0.148985,BinHeap
12,21,0.514792,Graph
12,21,0.15572,FibHeap
12,21,0.150442,BinHeap
12,21,0.507447,Graph
12,21,0.150613,FibHeap
12,21,0.148896,BinHeap
12,21,0.499878,Graph
12,21,0.148657,FibHeap
12,21,0.147743,BinHeap
12,21,0.497431,Graph
12,21,0.150212,FibHeap
12,21,0.15769,BinHeap
12,21,0.511638,Graph
12,21,0.152105,FibHeap
12,21,0.153199,BinHeap
12,21,0.511096,Graph
12,21,0.151956,FibHeap
12,21,0.150445,BinHeap
12,21,0.505207,Graph
12,21,0.149042,FibHeap
12,21,0.147778,BinHeap
12,22,0.999201,Graph
12,22,0.291481,FibHeap
12,22,0.290122,BinHeap
12,22,0.999082,Graph
12,22,0.291653,FibHeap
12,22,0.290459,BinHeap
12,22,1.00011,Graph
12,22,0.292427,FibHeap
12,22,0.290511,BinHeap
12,22,1.01272,Graph
12,22,0.295084,FibHeap
12,22,0.293529,BinHeap
12,22,1.01872,Graph
12,22,0.294357,FibHeap
12,22,0.294223,BinHeap
12,22,1.01364,Graph
12,22,0.291996,FibHeap
12,22,0.291579,BinHeap
12,22,1.02026,Graph
12,22,0.292119,FibHeap
12,22,0.293253,BinHeap
12,22,1.01815,Graph
12,22,0.293804,FibHeap
12,22,0.29188,BinHeap
12,22,1.02288,Graph
12,22,0.29837,FibHeap
12,22,0.291948,BinHeap
12,22,1.00438,Graph
12,22,0.292034,FibHeap
12,22,0.297699,BinHeap
12,22,1.02184,Graph
12,22,0.293919,FibHeap
12,22,0.295104,BinHeap
12,22,1.06788,Graph
12,22,0.308626,FibHeap
12,22,0.299115,BinHeap
12,22,1.00749,Graph
12,22,0.300632,FibHeap
12,22,0.295944,BinHeap
12,22,1.02201,Graph
12,22,0.294256,FibHeap
12,22,0.293672,BinHeap
12,22,1.01371,Graph
12,22,0.293753,FibHeap
12,22,0.292893,BinHeap
12,22,1.01319,Graph
12,22,0.293459,FibHeap
12,22,0.29304,BinHeap
12,22,1.01253,Graph
12,22,0.292853,FibHeap
12,22,0.290651,BinHeap
12,22,1.011,Graph
12,22,0.312344,FibHeap
12,22,0.293735,BinHeap
12,22,1.01698,Graph
12,22,0.292391,FibHeap
12,22,0.300696,BinHeap
12,22,1.00835,Graph
12,22,0.291913,FibHeap
12,22,0.29078,BinHeap
12,22,1.00465,Graph
12,22,0.292278,FibHeap
12,22,0.291665,BinHeap
12,22,1.00841,Graph
12,22,0.295228,FibHeap
12,22,0.291698,BinHeap
12,22,1.00555,Graph
12,22,0.291007,FibHeap
12,22,0.290665,BinHeap
12,22,1.01426,Graph
12,22,0.291622,FibHeap
12,22,0.291916,BinHeap
12,22,0.996528,Graph
12,22,0.291333,FibHeap
12,22,0.290088,BinHeap
12,22,0.995392,Graph
12,22,0.291209,FibHeap
12,22,0.290343,BinHeap
12,22,0.996464,Graph
12,22,0.291112,FibHeap
12,22,0.290129,BinHeap
12,22,0.996474,Graph
12,22,0.291067,FibHeap
12,22,0.290432,BinHeap
12,22,0.995406,Graph
12,22,0.293342,FibHeap
12,22,0.290652,BinHeap
12,22,0.996563,Graph
12,22,0.290901,FibHeap
12,22,0.292464,BinHeap
12,22,1.00201,Graph
12,22,0.292666,FibHeap
12,22,0.290811,BinHeap
12,22,1.00245,Graph
12,22,0.291754,FibHeap
12,22,0.29091,BinHeap
12,22,0.998943,Graph
12,22,0.29171,FibHeap
12,22,0.29092,BinHeap
12,22,0.967422,Graph
12,22,0.291934,FibHeap
12,22,0.290918,BinHeap
12,22,0.967549,Graph
12,22,0.291556,FibHeap
12,22,0.290755,BinHeap
12,22,0.963554,Graph
12,22,0.291482,FibHeap
12,22,0.291002,BinHeap
12,22,0.961298,Graph
12,22,0.291799,FibHeap
12,22,0.291044,BinHeap
12,22,0.968171,Graph
12,22,0.292523,FibHeap
12,22,0.298082,BinHeap
12,22,0.966556,Graph
12,22,0.294221,FibHeap
12,22,0.290722,BinHeap
12,22,0.962072,Graph
12,22,0.291122,FibHeap
12,22,0.292671,BinHeap
12,22,1.01969,Graph
12,22,0.30173,FibHeap
12,22,0.308343,BinHeap
12,22,1.00051,Graph
12,22,0.295581,FibHeap
12,22,0.296056,BinHeap
12,22,0.99805,Graph
12,22,0.299658,FibHeap
12,22,0.296093,BinHeap
12,22,0.989664,Graph
12,22,0.294894,FibHeap
12,22,0.293317,BinHeap
12,22,0.975202,Graph
12,22,0.294675,FibHeap
12,22,0.293112,BinHeap
12,22,0.965375,Graph
12,22,0.29255,FibHeap
12,22,0.290501,BinHeap
12,22,0.967009,Graph
12,22,0.29956,FibHeap
12,22,0.294406,BinHeap
12,22,1.00993,Graph
12,22,0.295183,FibHeap
12,22,0.293921,BinHeap
12,22,1.00958,Graph
12,22,0.29491,FibHeap
12,22,0.293597,BinHeap
12,22,0.979318,Graph
12,22,0.291641,FibHeap
12,22,0.291416,BinHeap
14,16,0.0234481,Graph
14,16,0.0283917,FibHeap
14,16,0.0218019,BinHeap
14,16,0.0235459,Graph
14,16,0.0294204,FibHeap
14,16,0.0218658,BinHeap
14,16,0.0233583,Graph
14,16,0.0281433,FibHeap
14,16,0.0213508,BinHeap
14,16,0.0231075,Graph
14,16,0.0277461,FibHeap
14,16,0.0214231,BinHeap
14,16,0.023193,Graph
14,16,0.027767,FibHeap
14,16,0.0214199,BinHeap
14,16,0.023798,Graph
14,16,0.0288777,FibHeap
14,16,0.0218013,BinHeap
14,16,0.023348,Graph
14,16,0.0279698,FibHeap
14,16,0.0212391,BinHeap
14,16,0.0230997,Graph
14,16,0.0277908,FibHeap
14,16,0.0212165,BinHeap
14,16,0.0233511,Graph
14,16,0.0291255,FibHeap
14,16,0.0225031,BinHeap
14,16,0.0251969,Graph
14,16,0.0298684,FibHeap
14,16,0.0226808,BinHeap
14,16,0.024561,Graph
14,16,0.0302215,FibHeap
14,16,0.0220691,BinHeap
14,16,0.0243393,Graph
14,16,0.0302324,FibHeap
14,16,0.0245275,BinHeap
14,16,0.0290781,Graph
14,16,0.0307088,FibHeap
14,16,0.0230965,BinHeap
14,16,0.0246228,Graph
14,16,0.0287847,FibHeap
14,16,0.0220136,BinHeap
14,16,0.025139,Graph
14,16,0.0293168,FibHeap
14,16,0.021921,BinHeap
14,16,0.0233766,Graph
14,16,0.0283767,FibHeap
14,16,0.021795,BinHeap
14,16,0.0234361,Graph
14,16,0.0290365,FibHeap
14,16,0.0218023,BinHeap
14,16,0.0234162,Graph
14,16,0.0283648,FibHeap
14,16,0.0217919,BinHeap
14,16,0.0233806,Graph
14,16,0.0283995,FibHeap
14,16,0.0217167,BinHeap
14,16,0.0233435,Graph
14,16,0.0282852,FibHeap
14,16,0.0218215,BinHeap
14,16,0.0233821,Graph
14,16,0.0284308,FibHeap
14,16,0.0215559,BinHeap
14,16,0.0231608,Graph
14,16,0.0290509,FibHeap
14,16,0.0213753,BinHeap
14,16,0.0232939,Graph
14,16,0.0281124,FibHeap
14,16,0.0216122,BinHeap
14,16,0.0236915,Graph
14,16,0.0279948,FibHeap
14,16,0.0220787,BinHeap
14,16,0.0237009,Graph
14,16,0.0291388,FibHeap
14,16,0.0223251,BinHeap
14,16,0.0247415,Graph
14,16,0.0290923,FibHeap
14,16,0.022658,BinHeap
14,16,0.0240982,Graph
14,16,0.0286002,FibHeap
14,16,0.0219389,BinHeap
14,16,0.0236973,Graph
14,16,0.0286198,FibHeap
14,16,0.0226072,BinHeap
14,16,0.0232391,Graph
14,16,0.0278186,FibHeap
14,16,0.0212266,BinHeap
14,16,0.0232194,Graph
14,16,0.0284394,FibHeap
14,16,0.021319,BinHeap
14,16,0.0240313,Graph
14,16,0.0290615,FibHeap
14,16,0.0224113,BinHeap
14,16,0.0240081,Graph
14,16,0.0311791,FibHeap
14,16,0.0242052,BinHeap
14,16,0.0238659,Graph
14,16,0.032269,FibHeap
14,16,0.0243963,BinHeap
14,16,0.0235052,Graph
14,16,0.0290485,FibHeap
14,16,0.0220801,BinHeap
14,16,0.0236854,Graph
14,16,0.029007,FibHeap
14,16,0.0221979,BinHeap
14,16,0.023736,Graph
14,16,0.0287103,FibHeap
14,16,0.0218282,BinHeap
14,16,0.023341,Graph
14,16,0.0294315,FibHeap
14,16,0.0223362,BinHeap
14,16,0.0235923,Graph
14,16,0.028875,FibHeap
14,16,0.0219993,BinHeap
14,16,0.0237359,Graph
14,16,0.0288204,FibHeap
14,16,0.0222079,BinHeap
14,16,0.0235528,Graph
14,16,0.0285211,FibHeap
14,16,0.0216388,BinHeap
14,16,0.0233875,Graph
14,16,0.0281952,FibHeap
14,16,0.0222544,BinHeap
14,16,0.0232655,Graph
14,16,0.0280763,FibHeap
14,16,0.0214013,BinHeap
14,16,0.0233675,Graph
14,16,0.0280144,FibHeap
14,16,0.0215859,BinHeap
14,16,0.0233129,Graph
14,16,0.0280581,FibHeap
14,16,0.0214329,BinHeap
14,16,0.0233815,Graph
14,16,0.0280855,FibHeap
14,16,0.0216217,BinHeap
14,16,0.0232782,Graph
14,16,0.0280062,FibHeap
14,16,0.0213769,BinHeap
14,16,0.0234036,Graph
14,16,0.0282055,FibHeap
14,16,0.0214295,BinHeap
14,16,0.0232714,Graph
14,16,0.0280947,FibHeap
14,16,0.0216957,BinHeap
14,16,0.0232732,Graph
14,16,0.0280957,FibHeap
14,16,0.0215158,BinHeap
14,16,0.0235422,Graph
14,16,0.0282238,FibHeap
14,16,0.0216835,BinHeap
14,17,0.0419122,Graph
14,17,0.0347163,FibHeap
14,17,0.027625,BinHeap
14,17,0.0425634,Graph
14,17,0.0340924,FibHeap
14,17,0.0275966,BinHeap
14,17,0.0420469,Graph
14,17,0.0337392,FibHeap
14,17,0.0279233,BinHeap
14,17,0.041552,Graph
14,17,0.034322,FibHeap
14,17,0.0276401,BinHeap
14,17,0.0454749,Graph
14,17,0.0345349,FibHeap
14,17,0.0281487,BinHeap
14,17,0.0426766,Graph
14,17,0.0353784,FibHeap
14,17,0.028112,BinHeap
14,17,0.0431703,Graph
14,17,0.0343525,FibHeap
14,17,0.0279005,BinHeap
14,17,0.0420218,Graph
14,17,0.0349282,FibHeap
14,17,0.0282701,BinHeap
14,17,0.042457,Graph
14,17,0.0348235,FibHeap
14,17,0.0282545,BinHeap
14,17,0.0425101,Graph
14,17,0.0352677,FibHeap
14,17,0.0282663,BinHeap
14,17,0.0436491,Graph
14,17,0.0379453,FibHeap
14,17,0.0296676,BinHeap
14,17,0.0446483,Graph
14,17,0.0364887,FibHeap
14,17,0.0286269,BinHeap
14,17,0.0443492,Graph
14,17,0.0344818,FibHeap
14,17,0.0277005,BinHeap
14,17,0.0419878,Graph
14,17,0.0349547,FibHeap
14,17,0.0275922,BinHeap
14,17,0.0416398,Graph
14,17,0.0350864,FibHeap
14,17,0.0296637,BinHeap
14,17,0.0456841,Graph
14,17,0.0363875,FibHeap
14,17,0.0282953,BinHeap
14,17,0.0424477,Graph
14,17,0.03444,FibHeap
14,17,0.0288201,BinHeap
14,17,0.0437607,Graph
14,17,0.0351637,FibHeap
14,17,0.0290858,BinHeap
14,17,0.0449752,Graph
14,17,0.035405,FibHeap
14,17,0.0286958,BinHeap
14,17,0.0442944,Graph
14,17,0.0349597,FibHeap
14,17,0.028631,BinHeap
14,17,0.0430351,Graph
14,17,0.0359955,FibHeap
14,17,0.0293028,BinHeap
14,17,0.0457234,Graph
14,17,0.0356803,FibHeap
14,17,0.0282525,BinHeap
14,17,0.0438299,Graph
14,17,0.0365825,FibHeap
14,17,0.0300288,BinHeap
14,17,0.0461587,Graph
14,17,0.0351736,FibHeap
14,17,0.0281826,BinHeap
14,17,0.0437446,Graph
14,17,0.035487,FibHeap
14,17,0.0285468,BinHeap
14,17,0.0428345,Graph
14,17,0.034762,FibHeap
14,17,0.0277367,BinHeap
14,17,0.0422843,Graph
14,17,0.0364636,FibHeap
14,17,0.0285995,BinHeap
14,17,0.0455378,Graph
14,17,0.0370912,FibHeap
14,17,0.0287035,BinHeap
14,17,0.0434106,Graph
14,17,0.0360408,FibHeap
14,17,0.028629,BinHeap
14,17,0.0431386,Graph
14,17,0.0366408,FibHeap
14,17,0.0284371,BinHeap
14,17,0.043825,Graph
14,17,0.0391446,FibHeap
14,17,0.0291185,BinHeap
14,17,0.0457286,Graph
14,17,0.036794,FibHeap
14,17,0.0284538,BinHeap
14,17,0.0434938,Graph
14,17,0.0356096,FibHeap
14,17,0.0287438,BinHeap
14,17,0.0439845,Graph
14,17,0.0351706,FibHeap
14,17,0.0284163,BinHeap
14,17,0.0436493,Graph
14,17,0.0353226,FibHeap
14,17,0.02842,BinHeap
14,17,0.0435021,Graph
14,17,0.0359889,FibHeap
14,17,0.028281,BinHeap
14,17,0.0424908,Graph
14,17,0.0357075,FibHeap
14,17,0.028863,BinHeap
14,17,0.0433573,Graph
14,17,0.0364713,FibHeap
14,17,0.0294028,BinHeap
14,17,0.0445225,Graph
14,17,0.0356477,FibHeap
14,17,0.0281857,BinHeap
14,17,0.0428743,Graph
14,17,0.0355046,FibHeap
14,17,0.0286745,BinHeap
14,17,0.0441739,Graph
14,17,0.0354692,FibHeap
14,17,0.0283225,BinHeap
14,17,0.0436788,Graph
14,17,0.0352201,FibHeap
14,17,0.028859,BinHeap
14,17,0.0425607,Graph
14,17,0.0340194,FibHeap
14,17,0.0276274,BinHeap
14,17,0.0423109,Graph
14,17,0.035293,FibHeap
14,17,0.0278731,BinHeap
14,17,0.0426554,Graph
14,17,0.0342511,FibHeap
14,17,0.0283129,BinHeap
14,17,0.0419865,Graph
14,17,0.036654,FibHeap
14,17,0.0295609,BinHeap
14,17,0.0424375,Graph
14,17,0.0351094,FibHeap
14,17,0.0281968,BinHeap
14,17,0.0431836,Graph
14,17,0.034974,FibHeap
14,17,0.0278322,BinHeap
14,17,0.0420501,Graph
14,17,0.0353344,FibHeap
14,17,0.0277503,BinHeap
14,17,0.0419128,Graph
14,17,0.0348773,FibHeap
14,17,0.0277292,BinHeap
14,18,0.0774594,Graph
14,18,0.045007,FibHeap
14,18,0.0385087,BinHeap
14,18,0.0773544,Graph
14,18,0.0450629,FibHeap
14,18,0.0386012,BinHeap
14,18,0.0771494,Graph
14,18,0.045031,FibHeap
14,18,0.0386225,BinHeap
14,18,0.0770683,Graph
14,18,0.0450291,FibHeap
14,18,0.0385345,BinHeap
14,18,0.0772718,Graph
14,18,0.0448254,FibHeap
14,18,0.0384776,BinHeap
14,18,0.0784121,Graph
14,18,0.0449082,FibHeap
14,18,0.0386011,BinHeap
14,18,0.0772761,Graph
14,18,0.044811,FibHeap
14,18,0.0385758,BinHeap
14,18,0.0770769,Graph
14,18,0.0449204,FibHeap
14,18,0.0385706,BinHeap
14,18,0.0774869,Graph
14,18,0.0448307,FibHeap
14,18,0.038226,BinHeap
14,18,0.0767047,Graph
14,18,0.0450367,FibHeap
14,18,0.041022,BinHeap
14,18,0.0794507,Graph
14,18,0.0457883,FibHeap
14,18,0.0388243,BinHeap
14,18,0.0810898,Graph
14,18,0.0464018,FibHeap
14,18,0.039595,BinHeap
14,18,0.0776596,Graph
14,18,0.046119,FibHeap
14,18,0.0392614,BinHeap
14,18,0.0782532,Graph
14,18,0.0453401,FibHeap
14,18,0.0389066,BinHeap
14,18,0.0785888,Graph
14,18,0.0452547,FibHeap
14,18,0.0383433,BinHeap
14,18,0.0763107,Graph
14,18,0.0446015,FibHeap
14,18,0.038295,BinHeap
14,18,0.0765783,Graph
14,18,0.0468992,FibHeap
14,18,0.0393837,BinHeap
14,18,0.0798483,Graph
14,18,0.0453467,FibHeap
14,18,0.0387739,BinHeap
14,18,0.0774696,Graph
14,18,0.0448005,FibHeap
14,18,0.0382612,BinHeap
14,18,0.0771542,Graph
14,18,0.0446827,FibHeap
14,18,0.0386619,BinHeap
14,18,0.076723,Graph
14,18,0.0447741,FibHeap
14,18,0.0382761,BinHeap
14,18,0.0770052,Graph
14,18,0.0449175,FibHeap
14,18,0.0380189,BinHeap
14,18,0.0773714,Graph
14,18,0.0447642,FibHeap
14,18,0.0385383,BinHeap
14,18,0.0768169,Graph
14,18,0.0523888,FibHeap
14,18,0.0503073,BinHeap
14,18,0.0802288,Graph
14,18,0.0482693,FibHeap
14,18,0.0389222,BinHeap
14,18,0.0777857,Graph
14,18,0.044607,FibHeap
14,18,0.0385055,BinHeap
14,18,0.0768099,Graph
14,18,0.044663,FibHeap
14,18,0.0395844,BinHeap
14,18,0.0767875,Graph
14,18,0.0447714,FibHeap
14,18,0.0386137,BinHeap
14,18,0.0786717,Graph
14,18,0.0445332,FibHeap
14,18,0.039614,BinHeap
14,18,0.0768332,Graph
14,18,0.0448845,FibHeap
14,18,0.0381556,BinHeap
14,18,0.0769309,Graph
14,18,0.0446261,FibHeap
14,18,0.0383899,BinHeap
14,18,0.0766182,Graph
14,18,0.0452156,FibHeap
14,18,0.0386605,BinHeap
14,18,0.0767915,Graph
14,18,0.04482,FibHeap
14,18,0.0382541,BinHeap
14,18,0.0815354,Graph
14,18,0.0489538,FibHeap
14,18,0.038368,BinHeap
14,18,0.0810537,Graph
14,18,0.0447991,FibHeap
14,18,0.0384575,BinHeap
14,18,0.0769476,Graph
14,18,0.0475578,FibHeap
14,18,0.0383716,BinHeap
14,18,0.0767411,Graph
14,18,0.0446214,FibHeap
14,18,0.0417234,BinHeap
14,18,0.0780702,Graph
14,18,0.0450098,FibHeap
14,18,0.038354,BinHeap
14,18,0.0851839,Graph
14,18,0.0449264,FibHeap
14,18,0.0385197,BinHeap
14,18,0.0765445,Graph
14,18,0.0478124,FibHeap
14,18,0.038356,BinHeap
14,18,0.0832609,Graph
14,18,0.0560371,FibHeap
14,18,0.0443241,BinHeap
14,18,0.0770861,Graph
14,18,0.0447722,FibHeap
14,18,0.0381522,BinHeap
14,18,0.0769934,Graph
14,18,0.0448557,FibHeap
14,18,0.0382671,BinHeap
14,18,0.0766969,Graph
14,18,0.0454053,FibHeap
14,18,0.0383642,BinHeap
14,18,0.0775612,Graph
14,18,0.0449303,FibHeap
14,18,0.0382881,BinHeap
14,18,0.0780902,Graph
14,18,0.0447167,FibHeap
14,18,0.0382288,BinHeap
14,18,0.0785065,Graph
14,18,0.0447359,FibHeap
14,18,0.0381233,BinHeap
14,18,0.079387,Graph
14,18,0.0458818,FibHeap
14,18,0.0384151,BinHeap
14,18,0.0766984,Graph
14,18,0.0452504,FibHeap
14,18,0.0386826,BinHeap
14,18,0.0783625,Graph
14,18,0.0451957,FibHeap
14,18,0.0394648,BinHeap
14,19,0.144551,Graph
14,19,0.0655656,FibHeap
14,19,0.0597737,BinHeap
14,19,0.145631,Graph
14,19,0.0660003,FibHeap
14,19,0.0579796,BinHeap
14,19,0.147118,Graph
14,19,0.0642675,FibHeap
14,19,0.0577466,BinHeap
14,19,0.146688,Graph
14,19,0.0659714,FibHeap
14,19,0.058944,BinHeap
14,19,0.144354,Graph
14,19,0.0648344,FibHeap
14,19,0.0591123,BinHeap
14,19,0.146139,Graph
14,19,0.0647866,FibHeap
14,19,0.0598608,BinHeap
14,19,0.142824,Graph
14,19,0.0645047,FibHeap
14,19,0.0583403,BinHeap
14,19,0.14747,Graph
14,19,0.0685365,FibHeap
14,19,0.0586494,BinHeap
14,19,0.144028,Graph
14,19,0.0647821,FibHeap
14,19,0.0578287,BinHeap
14,19,0.145948,Graph
14,19,0.0640383,FibHeap
14,19,0.0579352,BinHeap
14,19,0.143548,Graph
14,19,0.0645474,FibHeap
14,19,0.0580722,BinHeap
14,19,0.142242,Graph
14,19,0.0646974,FibHeap
14,19,0.0579228,BinHeap
14,19,0.142592,Graph
14,19,0.0642542,FibHeap
14,19,0.0577209,BinHeap
14,19,0.144297,Graph
14,19,0.0641642,FibHeap
14,19,0.0580671,BinHeap
14,19,0.143897,Graph
14,19,0.0643853,FibHeap
14,19,0.0580534,BinHeap
14,19,0.142727,Graph
14,19,0.0640822,FibHeap
14,19,0.0578224,BinHeap
14,19,0.142922,Graph
14,19,0.0660446,FibHeap
14,19,0.0584513,BinHeap
14,19,0.145262,Graph
14,19,0.0644859,FibHeap
14,19,0.0581543,BinHeap
14,19,0.143945,Graph
14,19,0.0644892,FibHeap
14,19,0.0580809,BinHeap
14,19,0.144684,Graph
14,19,0.0643249,FibHeap
14,19,0.058174,BinHeap
14,19,0.142924,Graph
14,19,0.0649949,FibHeap
14,19,0.0581271,BinHeap
14,19,0.14282,Graph
14,19,0.0648575,FibHeap
14,19,0.0591136,BinHeap
14,19,0.144983,Graph
14,19,0.0648004,FibHeap
14,19,0.0584127,BinHeap
14,19,0.145988,Graph
14,19,0.0656397,FibHeap
14,19,0.0590287,BinHeap
14,19,0.146983,Graph
14,19,0.0650998,FibHeap
14,19,0.0583429,BinHeap
14,19,0.144873,Graph
14,19,0.0645011,FibHeap
14,19,0.059069,BinHeap
14,19,0.143114,Graph
14,19,0.066014,FibHeap
14,19,0.0584942,BinHeap
14,19,0.144252,Graph
14,19,0.0654286,FibHeap
14,19,0.0584262,BinHeap
14,19,0.144437,Graph
14,19,0.0653663,FibHeap
14,19,0.0588161,BinHeap
14,19,0.144203,Graph
14,19,0.0656849,FibHeap
14,19,0.05837,BinHeap
14,19,0.142655,Graph
14,19,0.0650816,FibHeap
14,19,0.0594199,BinHeap
14,19,0.145523,Graph
14,19,0.0652377,FibHeap
14,19,0.0588572,BinHeap
14,19,0.14518,Graph
14,19,0.0650088,FibHeap
14,19,0.0585655,BinHeap
14,19,0.144224,Graph
14,19,0.0650789,FibHeap
14,19,0.058509,BinHeap
14,19,0.145683,Graph
14,19,0.0648867,FibHeap
14,19,0.0583354,BinHeap
14,19,0.148267,Graph
14,19,0.0649296,FibHeap
14,19,0.0586857,BinHeap
14,19,0.144769,Graph
14,19,0.064927,FibHeap
14,19,0.058298,BinHeap
14,19,0.144233,Graph
14,19,0.0648084,FibHeap
14,19,0.0583703,BinHeap
14,19,0.144489,Graph
14,19,0.0655571,FibHeap
14,19,0.0586111,BinHeap
14,19,0.145651,Graph
14,19,0.0660156,FibHeap
14,19,0.0585696,BinHeap
14,19,0.144266,Graph
14,19,0.0653728,FibHeap
14,19,0.0589897,BinHeap
14,19,0.145176,Graph
14,19,0.0648551,FibHeap
14,19,0.0583876,BinHeap
14,19,0.145847,Graph
14,19,0.0667151,FibHeap
14,19,0.0591113,BinHeap
14,19,0.144392,Graph
14,19,0.064768,FibHeap
14,19,0.0589604,BinHeap
14,19,0.145281,Graph
14,19,0.0656465,FibHeap
14,19,0.0584453,BinHeap
14,19,0.144593,Graph
14,19,0.0658244,FibHeap
14,19,0.0587238,BinHeap
14,19,0.144627,Graph
14,19,0.0656558,FibHeap
14,19,0.0588901,BinHeap
14,19,0.146083,Graph
14,19,0.0655901,FibHeap
14,19,0.0588187,BinHeap
14,19,0.145095,Graph
14,19,0.064912,FibHeap
14,19,0.0587023,BinHeap
14,19,0.1443,Graph
14,19,0.0648204,FibHeap
14,19,0.0585098,BinHeap
14,20,0.276205,Graph
14,20,0.103571,FibHeap
14,20,0.0971618,BinHeap
14,20,0.27644,Graph
14,20,0.103563,FibHeap
14,20,0.0972839,BinHeap
14,20,0.274349,Graph
14,20,0.103538,FibHeap
14,20,0.0969245,BinHeap
14,20,0.274527,Graph
14,20,0.102749,FibHeap
14,20,0.0973592,BinHeap
14,20,0.275577,Graph
14,20,0.10436,FibHeap
14,20,0.097693,BinHeap
14,20,0.274193,Graph
14,20,0.103767,FibHeap
14,20,0.0977055,BinHeap
14,20,0.359469,Graph
14,20,0.109886,FibHeap
14,20,0.0979793,BinHeap
14,20,0.275071,Graph
14,20,0.108903,FibHeap
14,20,0.0958972,BinHeap
14,20,0.276421,Graph
14,20,0.105033,FibHeap
14,20,0.0974677,BinHeap
14,20,0.271192,Graph
14,20,0.101969,FibHeap
14,20,0.0968659,BinHeap
14,20,0.277628,Graph
14,20,0.109388,FibHeap
14,20,0.0996829,BinHeap
14,20,0.283443,Graph
14,20,0.104773,FibHeap
14,20,0.0970615,BinHeap
14,20,0.277552,Graph
14,20,0.107362,FibHeap
14,20,0.097019,BinHeap
14,20,0.279468,Graph
14,20,0.106356,FibHeap
14,20,0.0965754,BinHeap
14,20,0.277726,Graph
14,20,0.105122,FibHeap
14,20,0.0974298,BinHeap
14,20,0.27896,Graph
14,20,0.104098,FibHeap
14,20,0.0987631,BinHeap
14,20,0.282059,Graph
14,20,0.105539,FibHeap
14,20,0.0995014,BinHeap
14,20,0.281819,Graph
14,20,0.106298,FibHeap
14,20,0.0985251,BinHeap
14,20,0.312173,Graph
14,20,0.135337,FibHeap
14,20,0.11415,BinHeap
14,20,0.281936,Graph
14,20,0.106194,FibHeap
14,20,0.0984692,BinHeap
14,20,0.279952,Graph
14,20,0.105795,FibHeap
14,20,0.0977062,BinHeap
14,20,0.278435,Graph
14,20,0.10623,FibHeap
14,20,0.0977949,BinHeap
14,20,0.276943,Graph
14,20,0.106289,FibHeap
14,20,0.0981826,BinHeap
14,20,0.283269,Graph
14,20,0.107524,FibHeap
14,20,0.0981835,BinHeap
14,20,0.282464,Graph
14,20,0.108138,FibHeap
14,20,0.0996314,BinHeap
14,20,0.281901,Graph
14,20,0.10689,FibHeap
14,20,0.101344,BinHeap
14,20,0.281516,Graph
14,20,0.107319,FibHeap
14,20,0.0979457,BinHeap
14,20,0.279069,Graph
14,20,0.106323,FibHeap
14,20,0.0980125,BinHeap
14,20,0.284743,Graph
14,20,0.108035,FibHeap
14,20,0.100519,BinHeap
14,20,0.283347,Graph
14,20,0.106631,FibHeap
14,20,0.098729,BinHeap
14,20,0.28452,Graph
14,20,0.108061,FibHeap
14,20,0.100954,BinHeap
14,20,0.285577,Graph
14,20,0.107773,FibHeap
14,20,0.0990641,BinHeap
14,20,0.278889,Graph
14,20,0.105458,FibHeap
14,20,0.0986522,BinHeap
14,20,0.280465,Graph
14,20,0.105239,FibHeap
14,20,0.0985822,BinHeap
14,20,0.275558,Graph
14,20,0.104572,FibHeap
14,20,0.097769,BinHeap
14,20,0.276765,Graph
14,20,0.104234,FibHeap
14,20,0.0987872,BinHeap
14,20,0.276641,Graph
14,20,0.106617,FibHeap
14,20,0.0986804,BinHeap
14,20,0.28155,Graph
14,20,0.106714,FibHeap
14,20,0.0991234,BinHeap
14,20,0.281094,Graph
14,20,0.106967,FibHeap
14,20,0.101788,BinHeap
14,20,0.283566,Graph
14,20,0.11072,FibHeap
14,20,0.100297,BinHeap
14,20,0.278515,Graph
14,20,0.108814,FibHeap
14,20,0.102943,BinHeap
14,20,0.282027,Graph
14,20,0.109499,FibHeap
14,20,0.0979572,BinHeap
14,20,0.280344,Graph
14,20,0.106097,FibHeap
14,20,0.0975196,BinHeap
14,20,0.275603,Graph
14,20,0.105264,FibHeap
14,20,0.0974989,BinHeap
14,20,0.279081,Graph
14,20,0.106434,FibHeap
14,20,0.0989111,BinHeap
14,20,0.280192,Graph
14,20,0.10768,FibHeap
14,20,0.0995692,BinHeap
14,20,0.280502,Graph
14,20,0.1054,FibHeap
14,20,0.0981589,BinHeap
14,20,0.277359,Graph
14,20,0.104784,FibHeap
14,20,0.0969216,BinHeap
14,20,0.275237,Graph
14,20,0.105355,FibHeap
14,20,0.0966659,BinHeap
14,20,0.277608,Graph
14,20,0.104916,FibHeap
14,20,0.099017,BinHeap
14,21,0.629595,Graph
14,21,0.176832,FibHeap
14,21,0.170396,BinHeap
14,21,0.52232,Graph
14,21,0.177279,FibHeap
14,21,0.169802,BinHeap
14,21,0.556464,Graph
14,21,0.183322,FibHeap
14,21,0.170162,BinHeap
14,21,0.53137,Graph
14,21,0.179872,FibHeap
14,21,0.172144,BinHeap
14,21,0.529926,Graph
14,21,0.181346,FibHeap
14,21,0.173685,BinHeap
14,21,0.532264,Graph
14,21,0.177475,FibHeap
14,21,0.170372,BinHeap
14,21,0.570035,Graph
14,21,0.191573,FibHeap
14,21,0.188254,BinHeap
14,21,0.562109,Graph
14,21,0.183337,FibHeap
14,21,0.175366,BinHeap
14,21,0.544992,Graph
14,21,0.178557,FibHeap
14,21,0.17147,BinHeap
14,21,0.530424,Graph
14,21,0.180084,FibHeap
14,21,0.172576,BinHeap
14,21,0.533984,Graph
14,21,0.18454,FibHeap
14,21,0.172282,BinHeap
14,21,0.543224,Graph
14,21,0.178887,FibHeap
14,21,0.172908,BinHeap
14,21,0.529591,Graph
14,21,0.178104,FibHeap
14,21,0.171339,BinHeap
14,21,0.527617,Graph
14,21,0.177462,FibHeap
14,21,0.169979,BinHeap
14,21,0.525081,Graph
14,21,0.185527,FibHeap
14,21,0.175631,BinHeap
14,21,0.532803,Graph
14,21,0.181045,FibHeap
14,21,0.172816,BinHeap
14,21,0.532931,Graph
14,21,0.180935,FibHeap
14,21,0.172752,BinHeap
14,21,0.524877,Graph
14,21,0.177073,FibHeap
14,21,0.170957,BinHeap
14,21,0.525242,Graph
14,21,0.18512,FibHeap
14,21,0.173294,BinHeap
14,21,0.538547,Graph
14,21,0.178407,FibHeap
14,21,0.174242,BinHeap
14,21,0.536368,Graph
14,21,0.186466,FibHeap
14,21,0.173966,BinHeap
14,21,0.545765,Graph
14,21,0.180927,FibHeap
14,21,0.174816,BinHeap
14,21,0.525243,Graph
14,21,0.176458,FibHeap
14,21,0.17152,BinHeap
14,21,0.525123,Graph
14,21,0.179815,FibHeap
14,21,0.171173,BinHeap
14,21,0.532801,Graph
14,21,0.179951,FibHeap
14,21,0.177205,BinHeap
14,21,0.524687,Graph
14,21,0.178034,FibHeap
14,21,0.171129,BinHeap
14,21,0.530989,Graph
14,21,0.186871,FibHeap
14,21,0.174884,BinHeap
14,21,0.538518,Graph
14,21,0.181065,FibHeap
14,21,0.171766,BinHeap
14,21,0.540284,Graph
14,21,0.178795,FibHeap
14,21,0.173349,BinHeap
14,21,0.530332,Graph
14,21,0.179298,FibHeap
14,21,0.187368,BinHeap
14,21,0.532301,Graph
14,21,0.180579,FibHeap
14,21,0.173875,BinHeap
14,21,0.53144,Graph
14,21,0.181295,FibHeap
14,21,0.174919,BinHeap
14,21,0.542833,Graph
14,21,0.185476,FibHeap
14,21,0.177554,BinHeap
14,21,0.527475,Graph
14,21,0.181681,FibHeap
14,21,0.171265,BinHeap
14,21,0.528204,Graph
14,21,0.185975,FibHeap
14,21,0.17204,BinHeap
14,21,0.526331,Graph
14,21,0.179439,FibHeap
14,21,0.17296,BinHeap
14,21,0.53957,Graph
14,21,0.181053,FibHeap
14,21,0.172113,BinHeap
14,21,0.536747,Graph
14,21,0.177976,FibHeap
14,21,0.181481,BinHeap
14,21,0.529892,Graph
14,21,0.180145,FibHeap
14,21,0.173721,BinHeap
14,21,0.531163,Graph
14,21,0.181138,FibHeap
14,21,0.173003,BinHeap
14,21,0.531816,Graph
14,21,0.180057,FibHeap
14,21,0.173498,BinHeap
14,21,0.543114,Graph
14,21,0.19608,FibHeap
14,21,0.170741,BinHeap
14,21,0.531733,Graph
14,21,0.180234,FibHeap
14,21,0.174973,BinHeap
14,21,0.529365,Graph
14,21,0.177183,FibHeap
14,21,0.170273,BinHeap
14,21,0.538002,Graph
14,21,0.18335,FibHeap
14,21,0.171705,BinHeap
14,21,0.523464,Graph
14,21,0.183068,FibHeap
14,21,0.170672,BinHeap
14,21,0.524946,Graph
14,21,0.177565,FibHeap
14,21,0.171013,BinHeap
14,21,0.525072,Graph
14,21,0.178308,FibHeap
14,21,0.171837,BinHeap
14,21,0.525005,Graph
14,21,0.179058,FibHeap
14,21,0.171437,BinHeap
14,21,0.52468,Graph
14,21,0.177102,FibHeap
14,21,0.172451,BinHeap
14,22,1.02776,Graph
14,22,0.328214,FibHeap
14,22,0.322634,BinHeap
14,22,1.02842,Graph
14,22,0.322457,FibHeap
14,22,0.320876,BinHeap
14,22,1.03023,Graph
14,22,0.324255,FibHeap
14,22,0.318133,BinHeap
14,22,1.02157,Graph
14,22,0.323394,FibHeap
14,22,0.315474,BinHeap
14,22,1.01915,Graph
14,22,0.322851,FibHeap
14,22,0.316545,BinHeap
14,22,1.02324,Graph
14,22,0.326967,FibHeap
14,22,0.319339,BinHeap
14,22,1.02311,Graph
14,22,0.323748,FibHeap
14,22,0.316393,BinHeap
14,22,1.02088,Graph
14,22,0.324184,FibHeap
14,22,0.318022,BinHeap
14,22,1.02199,Graph
14,22,0.322262,FibHeap
14,22,0.31757,BinHeap
14,22,1.01964,Graph
14,22,0.323131,FibHeap
14,22,0.316798,BinHeap
14,22,1.01969,Graph
14,22,0.323534,FibHeap
14,22,0.321035,BinHeap
14,22,1.02733,Graph
14,22,0.327349,FibHeap
14,22,0.316839,BinHeap
14,22,1.02114,Graph
14,22,0.323682,FibHeap
14,22,0.316765,BinHeap
14,22,1.0274,Graph
14,22,0.326256,FibHeap
14,22,0.320357,BinHeap
14,22,1.02708,Graph
14,22,0.325383,FibHeap
14,22,0.318512,BinHeap
14,22,1.02776,Graph
14,22,0.328401,FibHeap
14,22,0.320459,BinHeap
14,22,1.02656,Graph
14,22,0.326359,FibHeap
14,22,0.321722,BinHeap
14,22,1.02945,Graph
14,22,0.323777,FibHeap
14,22,0.319176,BinHeap
14,22,1.024,Graph
14,22,0.323125,FibHeap
14,22,0.318574,BinHeap
14,22,1.01932,Graph
14,22,0.325368,FibHeap
14,22,0.320817,BinHeap
14,22,1.02042,Graph
14,22,0.323831,FibHeap
14,22,0.319468,BinHeap
14,22,1.03472,Graph
14,22,0.323686,FibHeap
14,22,0.326103,BinHeap
14,22,1.07122,Graph
14,22,0.32682,FibHeap
14,22,0.32091,BinHeap
14,22,1.04823,Graph
14,22,0.32456,FibHeap
14,22,0.328653,BinHeap
14,22,1.02994,Graph
14,22,0.325651,FibHeap
14,22,0.318188,BinHeap
14,22,1.02413,Graph
14,22,0.324264,FibHeap
14,22,0.317978,BinHeap
14,22,1.02168,Graph
14,22,0.325344,FibHeap
14,22,0.330761,BinHeap
14,22,1.04378,Graph
14,22,0.327952,FibHeap
14,22,0.322162,BinHeap
14,22,1.04139,Graph
14,22,0.322483,FibHeap
14,22,0.316679,BinHeap
14,22,1.02182,Graph
14,22,0.321337,FibHeap
14,22,0.317806,BinHeap
14,22,1.02126,Graph
14,22,0.324017,FibHeap
14,22,0.317053,BinHeap
14,22,1.02572,Graph
14,22,0.321994,FibHeap
14,22,0.31903,BinHeap
14,22,1.04294,Graph
14,22,0.339686,FibHeap
14,22,0.335382,BinHeap
14,22,1.03974,Graph
14,22,0.326907,FibHeap
14,22,0.323192,BinHeap
14,22,1.03704,Graph
14,22,0.330123,FibHeap
14,22,0.321242,BinHeap
14,22,1.05087,Graph
14,22,0.325885,FibHeap
14,22,0.318013,BinHeap
14,22,1.06633,Graph
14,22,0.322677,FibHeap
14,22,0.315284,BinHeap
14,22,1.02258,Graph
14,22,0.32246,FibHeap
14,22,0.321009,BinHeap
14,22,1.02345,Graph
14,22,0.326466,FibHeap
14,22,0.319625,BinHeap
14,22,1.02928,Graph
14,22,0.327761,FibHeap
14,22,0.31922,BinHeap
14,22,1.1274,Graph
14,22,0.365307,FibHeap
14,22,0.368725,BinHeap
14,22,1.19164,Graph
14,22,0.383617,FibHeap
14,22,0.346115,BinHeap
14,22,1.1198,Graph
14,22,0.338949,FibHeap
14,22,0.328294,BinHeap
14,22,1.07096,Graph
14,22,0.328893,FibHeap
14,22,0.328316,BinHeap
14,22,1.09633,Graph
14,22,0.328894,FibHeap
14,22,0.327685,BinHeap
14,22,1.05645,Graph
14,22,0.337164,FibHeap
14,22,0.320192,BinHeap
14,22,1.03872,Graph
14,22,0.345514,FibHeap
14,22,0.322474,BinHeap
14,22,1.07619,Graph
14,22,0.326253,FibHeap
14,22,0.32157,BinHeap
14,22,1.04467,Graph
14,22,0.33357,FibHeap
14,22,0.321388,BinHeap
14,22,1.08926,Graph
14,22,0.335425,FibHeap
14,22,0.323918,BinHeap
10,23,1.98488,Graph
10,23,0.563745,FibHeap
10,23,0.562954,BinHeap
10,23,1.94437,Graph
10,23,0.561601,FibHeap
10,23,0.561862,BinHeap
10,23,1.93576,Graph
10,23,0.566273,FibHeap
10,23,0.563114,BinHeap
10,23,1.93519,Graph
10,23,0.562476,FibHeap
10,23,0.56347,BinHeap
10,23,1.9227,Graph
10,23,0.563368,FibHeap
10,23,0.563149,BinHeap
10,23,1.91944,Graph
10,23,0.565487,FibHeap
10,23,0.561776,BinHeap
10,23,1.92224,Graph
10,23,0.56263,FibHeap
10,23,0.562617,BinHeap
10,23,1.93065,Graph
10,23,0.562146,FibHeap
10,23,0.562726,BinHeap
10,23,1.92537,Graph
10,23,0.562501,FibHeap
10,23,0.562488,BinHeap
10,23,1.92043,Graph
10,23,0.562386,FibHeap
10,23,0.56482,BinHeap
10,23,1.93042,Graph
10,23,0.563423,FibHeap
10,23,0.563721,BinHeap
10,23,1.93355,Graph
10,23,0.562424,FibHeap
10,23,0.561979,BinHeap
10,23,1.91821,Graph
10,23,0.561041,FibHeap
10,23,0.561754,BinHeap
10,23,1.91804,Graph
10,23,0.562394,FibHeap
10,23,0.56161,BinHeap
10,23,1.95605,Graph
10,23,0.564783,FibHeap
10,23,0.56525,BinHeap
10,23,1.93276,Graph
10,23,0.565377,FibHeap
10,23,0.562003,BinHeap
10,23,1.92243,Graph
10,23,0.562292,FibHeap
10,23,0.56205,BinHeap
10,23,1.94994,Graph
10,23,0.566888,FibHeap
10,23,0.566882,BinHeap
10,23,1.93506,Graph
10,23,0.564909,FibHeap
10,23,0.568271,BinHeap
10,23,1.95047,Graph
10,23,0.562082,FibHeap
10,23,0.56226,BinHeap
10,23,1.93742,Graph
10,23,0.565488,FibHeap
10,23,0.565728,BinHeap
10,23,1.9238,Graph
10,23,0.562548,FibHeap
10,23,0.562069,BinHeap
10,23,1.92472,Graph
10,23,0.562393,FibHeap
10,23,0.562599,BinHeap
10,23,1.91896,Graph
10,23,0.561875,FibHeap
10,23,0.563663,BinHeap
10,23,1.94249,Graph
10,23,0.562223,FibHeap
10,23,0.562061,BinHeap
10,23,1.9442,Graph
10,23,0.573661,FibHeap
10,23,0.562765,BinHeap
10,23,1.93029,Graph
10,23,0.562028,FibHeap
10,23,0.567241,BinHeap
10,23,1.963,Graph
10,23,0.564757,FibHeap
10,23,0.563787,BinHeap
10,23,1.94382,Graph
10,23,0.568954,FibHeap
10,23,0.563948,BinHeap
10,23,1.9745,Graph
10,23,0.566523,FibHeap
10,23,0.562386,BinHeap
10,23,1.96369,Graph
10,23,0.566591,FibHeap
10,23,0.563521,BinHeap
10,23,1.93217,Graph
10,23,0.57683,FibHeap
10,23,0.588705,BinHeap
10,23,2.00592,Graph
10,23,0.562003,FibHeap
10,23,0.56214,BinHeap
10,23,1.97482,Graph
10,23,0.568164,FibHeap
10,23,0.562987,BinHeap
10,23,1.92904,Graph
10,23,0.566737,FibHeap
10,23,0.562816,BinHeap
10,23,1.91767,Graph
10,23,0.561748,FibHeap
10,23,0.562254,BinHeap
10,23,1.91848,Graph
10,23,0.562148,FibHeap
10,23,0.562321,BinHeap
10,23,1.91241,Graph
10,23,0.56173,FibHeap
10,23,0.563231,BinHeap
10,23,1.91788,Graph
10,23,0.563595,FibHeap
10,23,0.563136,BinHeap
10,23,1.91629,Graph
10,23,0.562657,FibHeap
10,23,0.562924,BinHeap
10,23,1.91402,Graph
10,23,0.561818,FibHeap
10,23,0.561333,BinHeap
10,23,1.92118,Graph
10,23,0.562047,FibHeap
10,23,0.562365,BinHeap
10,23,1.92691,Graph
10,23,0.56509,FibHeap
10,23,0.562103,BinHeap
10,23,1.92033,Graph
10,23,0.562113,FibHeap
10,23,0.563912,BinHeap
10,23,1.94154,Graph
10,23,0.562212,FibHeap
10,23,0.560717,BinHeap
10,23,1.92674,Graph
10,23,0.563005,FibHeap
10,23,0.565405,BinHeap
10,23,1.92366,Graph
10,23,0.562515,FibHeap
10,23,0.562529,BinHeap
10,23,1.9154,Graph
10,23,0.562227,FibHeap
10,23,0.562683,BinHeap
10,23,1.91786,Graph
10,23,0.56219,FibHeap
10,23,0.56267,BinHeap
10,23,1.92448,Graph
10,23,0.561915,FibHeap
10,23,0.562675,BinHeap
12,23,1.99374,Graph
12,23,0.57591,FibHeap
12,23,0.575683,BinHeap
12,23,1.99378,Graph
12,23,0.576346,FibHeap
12,23,0.575168,BinHeap
12,23,2.04325,Graph
12,23,0.577557,FibHeap
12,23,0.575251,BinHeap
12,23,2.00478,Graph
12,23,0.57853,FibHeap
12,23,0.59183,BinHeap
12,23,2.04642,Graph
12,23,0.578222,FibHeap
12,23,0.574567,BinHeap
12,23,2.01705,Graph
12,23,0.580596,FibHeap
12,23,0.579667,BinHeap
12,23,2.06516,Graph
12,23,0.577353,FibHeap
12,23,0.575874,BinHeap
12,23,2.0437,Graph
12,23,0.579859,FibHeap
12,23,0.576418,BinHeap
12,23,2.0437,Graph
12,23,0.580138,FibHeap
12,23,0.583233,BinHeap
12,23,2.01213,Graph
12,23,0.577297,FibHeap
12,23,0.576718,BinHeap
12,23,2.05249,Graph
12,23,0.577036,FibHeap
12,23,0.576081,BinHeap
12,23,2.00642,Graph
12,23,0.577039,FibHeap
12,23,0.579763,BinHeap
12,23,2.0091,Graph
12,23,0.576644,FibHeap
12,23,0.575443,BinHeap
12,23,2.00747,Graph
12,23,0.588379,FibHeap
12,23,0.597681,BinHeap
12,23,2.12398,Graph
12,23,0.58002,FibHeap
12,23,0.574876,BinHeap
12,23,2.00383,Graph
12,23,0.575562,FibHeap
12,23,0.574987,BinHeap
12,23,2.03496,Graph
12,23,0.576312,FibHeap
12,23,0.576445,BinHeap
12,23,2.01905,Graph
12,23,0.576098,FibHeap
12,23,0.57468,BinHeap
12,23,2.00401,Graph
12,23,0.575785,FibHeap
12,23,0.575136,BinHeap
12,23,1.99902,Graph
12,23,0.57569,FibHeap
12,23,0.57479,BinHeap
12,23,2.0023,Graph
12,23,0.575988,FibHeap
12,23,0.574408,BinHeap
12,23,2.00484,Graph
12,23,0.575926,FibHeap
12,23,0.575799,BinHeap
12,23,2.01005,Graph
12,23,0.575856,FibHeap
12,23,0.581342,BinHeap
12,23,2.03276,Graph
12,23,0.585945,FibHeap
12,23,0.577528,BinHeap
12,23,2.03809,Graph
12,23,0.57912,FibHeap
12,23,0.57982,BinHeap
12,23,2.06929,Graph
12,23,0.575986,FibHeap
12,23,0.583219,BinHeap
12,23,2.01261,Graph
12,23,0.575907,FibHeap
12,23,0.575728,BinHeap
12,23,1.9929,Graph
12,23,0.576006,FibHeap
12,23,0.575134,BinHeap
12,23,1.99876,Graph
12,23,0.575294,FibHeap
12,23,0.574484,BinHeap
12,23,1.99984,Graph
12,23,0.575348,FibHeap
12,23,0.574174,BinHeap
12,23,2.00067,Graph
12,23,0.575832,FibHeap
12,23,0.575134,BinHeap
12,23,2.00085,Graph
12,23,0.576116,FibHeap
12,23,0.579777,BinHeap
12,23,2.00381,Graph
12,23,0.575445,FibHeap
12,23,0.574976,BinHeap
12,23,2.00114,Graph
12,23,0.575312,FibHeap
12,23,0.57486,BinHeap
12,23,1.99606,Graph
12,23,0.575958,FibHeap
12,23,0.574735,BinHeap
12,23,2.00071,Graph
12,23,0.579534,FibHeap
12,23,0.577174,BinHeap
12,23,2.01205,Graph
12,23,0.575959,FibHeap
12,23,0.575174,BinHeap
12,23,2.03068,Graph
12,23,0.582015,FibHeap
12,23,0.584724,BinHeap
12,23,2.04684,Graph
12,23,0.586699,FibHeap
12,23,0.575055,BinHeap
12,23,1.99384,Graph
12,23,0.575561,FibHeap
12,23,0.592782,BinHeap
12,23,2.01817,Graph
12,23,0.579964,FibHeap
12,23,0.575952,BinHeap
12,23,2.03692,Graph
12,23,0.57622,FibHeap
12,23,0.577499,BinHeap
12,23,1.995,Graph
12,23,0.581935,FibHeap
12,23,0.576728,BinHeap
12,23,2.02525,Graph
12,23,0.576387,FibHeap
12,23,0.575407,BinHeap
12,23,2.00447,Graph
12,23,0.576824,FibHeap
12,23,0.575429,BinHeap
12,23,2.0105,Graph
12,23,0.576932,FibHeap
12,23,0.577612,BinHeap
12,23,2.0286,Graph
12,23,0.587409,FibHeap
12,23,0.590654,BinHeap
12,23,2.0256,Graph
12,23,0.575978,FibHeap
12,23,0.574903,BinHeap
12,23,2.00185,Graph
12,23,0.575634,FibHeap
12,23,0.575616,BinHeap
12,23,2.00588,Graph
12,23,0.576132,FibHeap
12,23,0.574997,BinHeap
14,23,2.09312,Graph
14,23,0.61289,FibHeap
14,23,0.61041,BinHeap
14,23,2.09714,Graph
14,23,0.616118,FibHeap
14,23,0.607146,BinHeap
14,23,2.12409,Graph
14,23,0.611875,FibHeap
14,23,0.603166,BinHeap
14,23,2.08719,Graph
14,23,0.609055,FibHeap
14,23,0.603764,BinHeap
14,23,2.09627,Graph
14,23,0.61129,FibHeap
14,23,0.613076,BinHeap
14,23,2.08223,Graph
14,23,0.619459,FibHeap
14,23,0.611877,BinHeap
14,23,2.09235,Graph
14,23,0.624301,FibHeap
14,23,0.611963,BinHeap
14,23,2.0853,Graph
14,23,0.612519,FibHeap
14,23,0.606457,BinHeap
14,23,2.0836,Graph
14,23,0.607443,FibHeap
14,23,0.610949,BinHeap
14,23,2.08407,Graph
14,23,0.613767,FibHeap
14,23,0.603324,BinHeap
14,23,2.08408,Graph
14,23,0.620746,FibHeap
14,23,0.605301,BinHeap
14,23,2.08376,Graph
14,23,0.614487,FibHeap
14,23,0.610462,BinHeap
14,23,2.08072,Graph
14,23,0.611289,FibHeap
14,23,0.605062,BinHeap
14,23,2.08109,Graph
14,23,0.61288,FibHeap
14,23,0.612096,BinHeap
14,23,2.08289,Graph
14,23,0.609129,FibHeap
14,23,0.607979,BinHeap
14,23,2.08053,Graph
14,23,0.615445,FibHeap
14,23,0.614331,BinHeap
14,23,2.08211,Graph
14,23,0.617724,FibHeap
14,23,0.603703,BinHeap
14,23,2.08701,Graph
14,23,0.611606,FibHeap
14,23,0.615624,BinHeap
14,23,2.08536,Graph
14,23,0.619912,FibHeap
14,23,0.616406,BinHeap
14,23,2.14315,Graph
14,23,0.613064,FibHeap
14,23,0.617949,BinHeap
14,23,2.08452,Graph
14,23,0.617344,FibHeap
14,23,0.620153,BinHeap
14,23,2.0882,Graph
14,23,0.612305,FibHeap
14,23,0.610828,BinHeap
14,23,2.14866,Graph
14,23,0.610919,FibHeap
14,23,0.610382,BinHeap
14,23,2.10173,Graph
14,23,0.613717,FibHeap
14,23,0.607976,BinHeap
14,23,2.08358,Graph
14,23,0.609913,FibHeap
14,23,0.609248,BinHeap
14,23,2.08212,Graph
14,23,0.610688,FibHeap
14,23,0.607748,BinHeap
14,23,2.10397,Graph
14,23,0.608225,FibHeap
14,23,0.607509,BinHeap
14,23,2.08186,Graph
14,23,0.610658,FibHeap
14,23,0.606341,BinHeap
14,23,2.0834,Graph
14,23,0.613569,FibHeap
14,23,0.623125,BinHeap
14,23,2.08526,Graph
14,23,0.619549,FibHeap
14,23,0.604197,BinHeap
14,23,2.08466,Graph
14,23,0.616623,FibHeap
14,23,0.607926,BinHeap
14,23,2.10818,Graph
14,23,0.611632,FibHeap
14,23,0.606287,BinHeap
14,23,2.12654,Graph
14,23,0.615265,FibHeap
14,23,0.617807,BinHeap
14,23,2.0994,Graph
14,23,0.612271,FibHeap
14,23,0.621663,BinHeap
14,23,2.11842,Graph
14,23,0.621942,FibHeap
14,23,0.609451,BinHeap
14,23,2.10755,Graph
14,23,0.617542,FibHeap
14,23,0.61699,BinHeap
14,23,2.16949,Graph
14,23,0.622442,FibHeap
14,23,0.606925,BinHeap
14,23,2.14344,Graph
14,23,0.617177,FibHeap
14,23,0.614415,BinHeap
14,23,2.10357,Graph
14,23,0.610038,FibHeap
14,23,0.603771,BinHeap
14,23,2.1319,Graph
14,23,0.627476,FibHeap
14,23,0.610065,BinHeap
14,23,2.08816,Graph
14,23,0.619789,FibHeap
14,23,0.60781,BinHeap
14,23,2.1028,Graph
14,23,0.610502,FibHeap
14,23,0.616098,BinHeap
14,23,2.09414,Graph
14,23,0.617632,FibHeap
14,23,0.624162,BinHeap
14,23,2.10469,Graph
14,23,0.609555,FibHeap
14,23,0.606923,BinHeap
14,23,2.08734,Graph
14,23,0.608335,FibHeap
14,23,0.602886,BinHeap
14,23,2.14662,Graph
14,23,0.6105,FibHeap
14,23,0.605336,BinHeap
14,23,2.15162,Graph
14,23,0.632247,FibHeap
14,23,0.63084,BinHeap
14,23,2.10019,Graph
14,23,0.622556,FibHeap
14,23,0.608083,BinHeap
14,23,2.119,Graph
14,23,0.616353,FibHeap
14,23,0.607983,BinHeap
14,23,2.12146,Graph
14,23,0.616148,FibHeap
14,23,0.611428,BinHeap
